,인허가일자,영업상태구분코드,영업상태명,상세영업상태명,폐업일자,소재지전화,지역명,사업장명,,지역명,관광지출액,전년도 관광지출액,검색건수,전년도 검색건수,방문자수,전년도 방문자수
1,2005-08-29,2,휴업,휴업,,,강원도 고성군 토성면 용촌리 601-1,주성관광펜션,,서울특별시,1.23291E+13,9.47381E+12,76632447,59497381,574138421,493650524
2,2007-01-09,2,휴업,휴업,,033-636-4773,강원도 고성군 토성면 용촌리 601-4,제이에스관광펜션,,부산광역시,3.11882E+12,2.48189E+12,24919980,18595551,141850354,126828840
3,2008-11-19,2,휴업,휴업,,033-632-6363,강원도 고성군 토성면 인흥리 632-1,파인로그펜션,,대구광역시,1.81544E+12,1.4677E+12,13637636,9711560,101341517,88575125
4,2015-02-11,2,휴업,휴업,,033-632-5156,강원도 고성군 죽왕면 문암진리 81-25번지,밴쿠버콘도텔,,인천광역시,1.83916E+12,1.39647E+12,30210191,22227083,162791200,137962498
5,2009-07-07,2,휴업,휴업,,,충청북도 제천시 청풍면 교리 227-6번지,플로리안관광펜션(김 면),,광주광역시,9.68642E+11,8.38766E+11,7208795,5223721,65003241,57110556
6,2014-11-19,3,폐업,폐업,2017-09-08,,경상북도 경주시 하동,메리골드 펜션,,대전광역시,1.56418E+12,1.03389E+12,9953080,6530115,77445462,69948254
7,2014-11-19,3,폐업,폐업,2017-09-07,,경상북도 경주시 시래동,아띠 펜션,,울산광역시,5.6883E+11,4.70253E+11,6665620,5137945,47583356,43702315
8,2017-09-05,3,폐업,폐업,2018-08-02,,경상북도 경주시 하동 656-39번지,비버리 펜션,,세종특별자치시,1.02045E+11,92225661496,3291127,2455032,27167587,25755465
9,2017-09-05,3,폐업,폐업,2018-08-02,,경상북도 경주시 하동 656-9번지,비버리 힐,,경기도,9.56976E+12,8.12176E+12,164735536,125930625,614719516,557003044
10,2015-07-01,3,폐업,폐업,2022-11-24,,충청남도 보령시 신흑동 2303-6,대천바다여행펜션,,강원도,1.38325E+12,1.17329E+12,48248002,40225081,155688787,135732749
11,2016-06-29,3,폐업,폐업,2017-09-12,,충청남도 보령시 신흑동 2228-1번지,대천릴렉스펜션,,충청북도,1.05721E+12,9.1643E+11,15577199,11758149,109409660,98004355
12,2017-08-07,3,폐업,폐업,2019-01-09,,충청남도 보령시 신흑동 2305-2번지,또바기 펜션,,충청남도,1.19709E+12,1.0213E+12,25053483,19144715,160518006,145079713
13,2012-11-01,3,폐업,폐업,2013-09-30,,충청남도 예산군 덕산면 사동리 108-2번지,초콜릿러브,,전라북도,7.9079E+11,7.51576E+11,14751808,11281658,96078088,84962410
14,2007-10-11,3,폐업,폐업,,041-673-5513,충청남도 태안군 고남면 고남리 486-4번지,아틀랜틱 오션,,전라남도,9.77193E+11,8.36962E+11,17521420,14348329,128349337,116892683
15,2007-02-27,3,폐업,폐업,2014-12-09,,충청남도 태안군 남면 양잠리 1232-33번지,썬셋,,경상북도,1.30426E+12,1.1407E+12,23748525,18808015,180584844,164344571
16,2011-08-12,3,폐업,폐업,2020-01-28,041-632-8697,충청남도 홍성군 서부면 남당리 384-3번지,남당 로뎀 펜션,,경상남도,1.5664E+12,1.34349E+12,27643206,22068720,152146144,142703820
17,2008-12-23,3,폐업,폐업,2022-11-11,,충청남도 태안군 원북면 청산리 87-54,풍경,,제주특별자치도,1.2231E+12,1.1146E+12,20157548,20990171,67612046,63694287
18,2008-09-17,3,폐업,폐업,2020-11-05,,충청남도 태안군 남면 몽산리 680-2,마리나비치,,,,,,,,
19,2009-01-16,3,폐업,폐업,2017-01-13,,충청남도 태안군 남면 신온리 833-109번지,골든 웨이브,,,,,,,,
20,2009-05-14,3,폐업,폐업,2017-03-31,,충청남도 태안군 남면 원청리 558-4번지,시에스타,,,,,,,,
21,2009-01-16,3,폐업,폐업,2017-09-18,041-675-6300,충청남도 태안군 남면 신온리 833-170번지,노을빛풍경,,,,,,,,
22,2010-06-08,3,폐업,폐업,2019-05-16,,충청남도 태안군 남면 양잠리 1230-33번지,그림일기,,,,,,,,
23,2007-02-27,3,폐업,폐업,2014-12-09,,충청남도 태안군 남면 양잠리 1232-7번지,쉘브르,,,,,,,,
24,2017-08-28,3,폐업,폐업,2019-05-16,,충청남도 태안군 남면 양잠리 1230-28번지,파티파티,,,,,,,,
25,2018-05-27,3,폐업,폐업,2020-02-10,,충청남도 태안군 고남면 고남리 829번지,안면도갤러리,,,,,,,,
26,2012-06-12,3,폐업,폐업,2019-04-11,,충청남도 태안군 남면 달산리 319-23번지 숙박시설,그람피하우스,,,,,,,,
27,2010-09-01,3,폐업,폐업,2014-12-11,041-675-6567,충청남도 태안군 남면 양잠리 1230-14번지,샤론,,,,,,,,
28,2010-10-15,3,폐업,폐업,2014-09-16,041-675-5890,충청남도 태안군 남면 신온리 323-9번지,지오랜드,,,,,,,,
29,2011-09-07,3,폐업,폐업,2021-02-01,041-675-0059,충청남도 태안군 남면 원청리 512-135,더클래식,,,,,,,,
30,2018-12-27,3,폐업,폐업,2019-11-19,,인천광역시 강화군 하점면 장정리 479-1번지,고인돌펜션,,,,,,,,
31,2019-01-25,3,폐업,폐업,2019-12-24,,경상남도 거제시 동부면 학동리 123-5번지,블루인블루펜션,,,,,,,,
32,2004-10-27,3,폐업,폐업,2017-09-07,775-7750,경상북도 경주시 감포읍 감포리 549-1번지 2리,하얀둥지관광펜션,,,,,,,,
33,2010-12-09,3,폐업,폐업,2017-09-07,054-744-9090,경상북도 경주시 보문동 531-3번지,KB펜션,,,,,,,,
34,2010-12-28,3,폐업,폐업,2017-08-28,054-777-5266,경상북도 경주시 하동 254-2번지,올리브하우스,,,,,,,,
35,2011-01-18,3,폐업,폐업,2014-12-17,,경상북도 경주시 내남면 안심리 416번지,하늘터밭,,,,,,,,
36,2011-03-08,3,폐업,폐업,2017-09-06,,경상북도 경주시 구정동 17번지,오아시스,,,,,,,,
37,2011-04-20,3,폐업,폐업,2017-09-08,742-2432,경상북도 경주시 외동읍 신계리 816-1번지,퓨어펜션,,,,,,,,
38,2011-06-09,3,폐업,폐업,2015-02-25,054-771-0755,경상북도 경주시 천군동 862-14번지,아띠무아,,,,,,,,
39,2011-08-31,3,폐업,폐업,2015-03-16,,경상북도 경주시 양남면 신대리 461-1번지,워너비,,,,,,,,
40,2006-10-17,3,폐업,폐업,2017-09-06,742-2207,경상북도 경주시 하동 502-3번지,라끄베르펜션,,,,,,,,
41,2009-06-17,3,폐업,폐업,2017-09-15,774-7563,경상북도 경주시 내남면 노곡리 115-4번지,남산자락펜션,,,,,,,,
42,2010-02-23,3,폐업,폐업,2017-09-14,772-5959,경상북도 경주시 하동 193번지,첨성대관광펜션,,,,,,,,
43,2010-02-23,3,폐업,폐업,2017-08-25,745-0350,경상북도 경주시 하동 748-10번지,엉클톰스케빈 관광펜션,,,,,,,,
44,2010-02-23,3,폐업,폐업,2017-06-16,772-7728,경상북도 경주시 하동 253-1번지,아델리아 관광펜션,,,,,,,,
45,2010-06-07,3,폐업,폐업,2017-09-08,,경상북도 경주시 황용동 25-1번지,자연향기 펜션,,,,,,,,
46,2010-06-07,3,폐업,폐업,2017-09-08,,경상북도 경주시 하동 654번지,폴라리스 펜션,,,,,,,,
47,2010-06-07,3,폐업,폐업,2017-09-08,,경상북도 경주시 진현동 449번지,노비오스 펜션,,,,,,,,
48,2010-06-07,3,폐업,폐업,2016-09-26,,경상북도 경주시 하동 253번지,베네치아 펜션,,,,,,,,
49,2010-06-07,3,폐업,폐업,2012-01-17,741-5353,경상북도 경주시 천군동 449번지,보문호수 펜션,,,,,,,,
50,2010-08-10,3,폐업,폐업,2017-08-02,054-741-6469,경상북도 경주시 하동 124-3번지,풍차펜션,,,,,,,,
51,2010-10-09,3,폐업,폐업,2017-09-08,,경상북도 경주시 천군동 1444-2번지,뉴월드펜션,,,,,,,,
52,2010-10-09,3,폐업,폐업,2017-09-08,,경상북도 경주시 천군동 1444-6번지,보문월드펜션,,,,,,,,
53,2010-10-09,3,폐업,폐업,2017-09-08,,경상북도 경주시 천군동 1444-6번지,보문레이크펜션,,,,,,,,
54,2011-11-24,3,폐업,폐업,2015-03-02,,경상북도 경주시 구정동 292-5번지,경주 통나무 펜션,,,,,,,,
55,2012-01-09,3,폐업,폐업,2013-05-22,,경상북도 경주시 마동 507번지,자연주의 펜션,,,,,,,,
56,2010-10-29,3,폐업,폐업,2016-12-27,,경상북도 경주시 하동 115-3번지,하늘호수,,,,,,,,
57,2010-11-08,3,폐업,폐업,2015-12-04,741-7973,경상북도 경주시 양남면 읍천리 342-4번지,바다풍경펜션,,,,,,,,
58,2012-10-11,3,폐업,폐업,2017-09-06,054-777-2001,경상북도 경주시 마동 182-16번지,파비앙,,,,,,,,
59,2012-10-25,3,폐업,폐업,2017-09-07,774-3966,경상북도 경주시 하동 256-2번지,보문해피데이,,,,,,,,
60,2012-11-06,3,폐업,폐업,2017-09-13,,경상북도 경주시 양남면 수렴리 83번지,리멤버,,,,,,,,
61,2013-10-08,3,폐업,폐업,2017-09-06,,경상북도 경주시 하동 740-6번지,펜션 프라하,,,,,,,,
62,2013-11-14,3,폐업,폐업,2017-09-08,,경상북도 경주시 하동 83-13번지,다람쥐와도토리 펜션,,,,,,,,
63,2014-06-18,3,폐업,폐업,2015-12-02,547438389,경상북도 경주시 진현동,설레임스토리,,,,,,,,
64,2014-06-18,3,폐업,폐업,2015-02-17,547776104,경상북도 경주시 하동,두번째설레임,,,,,,,,
65,2014-07-16,3,폐업,폐업,2017-09-04,547466428,경상북도 경주시 하동,띠아모펜션,,,,,,,,
66,2014-03-07,3,폐업,폐업,2015-07-24,,경상북도 울릉군 울릉읍 사동리 383-18번지,울릉관광펜션,,,,,,,,
67,2011-06-13,3,폐업,폐업,2017-09-15,,경상북도 의성군 다인면 달제리 326-1번지,위드파크,,,,,,,,
68,2014-03-21,3,폐업,폐업,2016-04-07,054-873-9905,경상북도 청송군 부동면 하의리 220-1번지,탄해와로라,,,,,,,,
69,2014-07-21,3,폐업,폐업,2015-10-20,032-761-1950,인천광역시 옹진군 덕적면 서포리 310-3번지,하늘바다펜션,,,,,,,,
70,2004-04-03,3,폐업,폐업,2020-04-29,041-932-8555,충청남도 보령시 신흑동 946-4번지,바다사랑,,,,,,,,
71,2010-05-18,3,폐업,폐업,2018-07-27,041-931-4621,충청남도 보령시 신흑동 2213-13번지,준펜션,,,,,,,,
72,2010-08-18,3,폐업,폐업,2019-01-02,041-933-3261,충청남도 보령시 신흑동 2260-6번지,해날펜션,,,,,,,,
73,2011-03-14,3,폐업,폐업,2020-05-15,041-933-7139,충청남도 보령시 신흑동 2260-1번지,블루비치,,,,,,,,
74,2011-07-06,3,폐업,폐업,2022-10-14,041-934-6346,충청남도 보령시 신흑동 2219-4,썬샤인관광펜션,,,,,,,,
75,2012-02-10,3,폐업,폐업,2020-07-17,041-936-4747,충청남도 보령시 신흑동 2220-1,펜션좋은집,,,,,,,,
76,2012-11-12,3,폐업,폐업,2018-02-09,041-933-4744,충청남도 보령시 신흑동 2213-7번지,그린펜션,,,,,,,,
77,2012-11-27,3,폐업,폐업,2014-01-22,041-931-7441,충청남도 보령시 신흑동 2219-3번지,미래펜션,,,,,,,,
78,2012-12-20,3,폐업,폐업,2017-09-15,041-932-1291,충청남도 보령시 신흑동 2219-7번지,나노관광펜션,,,,,,,,
79,2012-05-31,3,폐업,폐업,2014-11-26,041-733-2639,충청남도 논산시 벌곡면 수락리 287-2번지,잉스힐,,,,,,,,
80,2017-06-07,3,폐업,폐업,2020-01-31,,충청남도 논산시 벌곡면 도산리 90번지,쁘띠 샹플랭,,,,,,,,
81,2013-05-28,3,폐업,폐업,2019-06-18,041-933-3803,충청남도 보령시 신흑동 2303-2번지,대천즐겨찾기,,,,,,,,
82,2013-07-01,3,폐업,폐업,2022-02-21,041-927-7000,충청남도 보령시 신흑동 2302-7,대천에코펜션,,,,,,,,
83,2013-07-05,3,폐업,폐업,2020-04-29,041-934-8188,충청남도 보령시 신흑동 2302-12번지,마마펜션,,,,,,,,
84,2007-08-09,3,폐업,폐업,2017-09-22,031-883-5034,경기도 여주시 금사면 이포리 13-3번지,스위트관광펜션,,,,,,,,
85,2019-04-29,3,폐업,폐업,2021-12-13,,충청남도 청양군 대치면 광대리 268-7,황금나무펜션,,,,,,,,
86,2010-08-31,3,폐업,폐업,2017-07-31,051-727-3111,부산광역시 기장군 장안읍 장안리 106-1번지,루나 펜션,,,,,,,,
87,2010-12-09,3,폐업,폐업,2013-11-15,,전라북도 고창군 고창읍 월암리 373-1번지,아모르 펜션,,,,,,,,
88,2017-12-20,3,폐업,폐업,2022-03-25,,전라북도 정읍시 신정동 1590 내장산리조트관광단지팬션,내장산 몽환의 숲 펜션,,,,,,,,
89,2009-06-16,3,폐업,폐업,2009-12-31,,전라북도 부안군 진서면 진서리 31-83번지,쉬어야 관광펜션,,,,,,,,
90,2012-11-27,3,폐업,폐업,2018-04-18,,전라북도 무주군 설천면 심곡리 567-1번지,독도는 우리 땅,,,,,,,,
91,2012-11-09,3,폐업,폐업,2014-11-25,,전라북도 부안군 변산면 도청리 535-1번지,솔섬펜션,,,,,,,,
92,2014-12-08,3,폐업,폐업,2019-07-02,063-324-1004,전라북도 무주군 설천면 심곡리 463-2번지,미르,,,,,,,,
93,2010-08-04,3,폐업,폐업,2014-12-15,,전라북도 무주군 설천면 삼공리 318-1번지,반딧불이펜션,,,,,,,,
94,2010-08-05,3,폐업,폐업,2014-12-10,,전라북도 무주군 설천면 삼공리 742-4번지,체리스펜션,,,,,,,,
95,2010-08-10,3,폐업,폐업,2018-08-24,,전라북도 무주군 무풍면 삼거리 46-39번지,미알레펜션,,,,,,,,
96,2011-04-22,3,폐업,폐업,2012-11-27,,전라북도 무주군 설천면 심곡리 567-1번지,샤롯데,,,,,,,,
97,2017-11-30,3,폐업,폐업,2018-07-23,,전라북도 무주군 설천면 삼공리 522-9번지,무주해바라기펜션,,,,,,,,
98,2016-03-14,3,폐업,폐업,2018-01-26,,경기도 파주시 파평면 율곡리 307-1번지,원프레임,,,,,,,,
99,2005-04-28,3,폐업,폐업,2020-07-24,031-775-3907,경기도 양평군 단월면 덕수리 370,우리벨리펜션,,,,,,,,
100,2012-12-12,3,폐업,폐업,2020-04-14,031-773-2210,경기도 양평군 단월면 부안리,생각속의 집,,,,,,,,
101,2005-06-17,3,폐업,폐업,2020-07-17,031-772-7991,경기도 양평군 양평읍 백안리 17-32,캐시미어힐 관광펜션,,,,,,,,
102,2011-02-21,3,폐업,폐업,2020-02-10,031-774-1776,경기도 양평군 강하면 왕창리 298-1,꿈이 익는 농장 펜션,,,,,,,,
103,2004-07-21,3,폐업,폐업,,,강원도 횡성군 둔내면 삽교리 1460번지,청태산관광펜션,,,,,,,,
104,2006-09-18,3,폐업,폐업,2014-02-18,033-344-6776,강원도 횡성군 서원면 석화리 232번지,다래와밤나무,,,,,,,,
105,2015-01-07,3,폐업,폐업,2018-04-30,,전라남도 나주시 석현동 203-2번지,바람이 쉬어가는곳,,,,,,,,
106,2014-10-23,3,폐업,폐업,2021-07-16,061-544-4518,전라남도 진도군 의신면 초사리 657,세광 진도소풍펜션,,,,,,,,
107,2012-12-24,3,폐업,폐업,2020-08-26,,전라남도 구례군 토지면 외곡리 505-7,지리산 끌림,,,,,,,,
108,2010-09-15,3,폐업,폐업,2014-12-01,061-324-2331,전라남도 함평군 신광면 동정리 296번지 26통,무지개 관광펜션,,,,,,,,
109,2012-12-05,3,폐업,폐업,2019-01-02,061-323-0693,전라남도 함평군 해보면 대각리 538-0번지,황토와들꽃세상,,,,,,,,
110,2017-11-07,3,폐업,폐업,2020-01-22,,전라남도 함평군 해보면 광암리 393-9번지,여름나무,,,,,,,,
111,2011-06-09,3,폐업,폐업,2016-09-07,383-0076,전라남도 담양군 금성면 덕성리 512-1번지,쌍둥이펜션,,,,,,,,
112,2011-11-01,3,폐업,폐업,2016-09-07,,전라남도 담양군 금성면 덕성리 512-1번지,쌍둥이관광펜션,,,,,,,,
113,2016-02-04,3,폐업,폐업,2017-12-05,,전라남도 해남군 북평면 동해리 521번지,땅끝남도의향기,,,,,,,,
114,2006-06-09,3,폐업,폐업,2015-04-01,681-4008,경상남도 거제시 일운면 망치리 32-2번지,펜션 휴,,,,,,,,
115,2019-10-08,3,폐업,폐업,2020-05-25,,충청남도 보령시 신흑동 2304-7번지,카카오스토리,,,,,,,,
116,2004-12-27,3,폐업,폐업,2015-04-07,055-646-2320,경상남도 통영시 용남면 원평리 1172번지,다향관광펜션,,,,,,,,
117,2010-07-09,3,폐업,폐업,2018-07-23,055-645-7690,경상남도 통영시 산양읍 영운리 506번지,림펜션,,,,,,,,
118,2010-07-14,3,폐업,폐업,2016-01-29,055-645-6336,경상남도 통영시 용남면 화삼리 945-23번지,통영장군펜션민박,,,,,,,,
119,2010-08-09,3,폐업,폐업,2014-05-30,646-2320,경상남도 통영시 용남면 동달리 97번지,통영다향샵관광펜션,,,,,,,,
120,2010-10-29,3,폐업,폐업,2019-09-26,,경상남도 통영시 산양읍 영운리 478번지,아트인 앤 김(블루)펜션,,,,,,,,
121,2010-10-29,3,폐업,폐업,2019-09-26,,경상남도 통영시 산양읍 영운리 478-2번지,아트 인 앤 김(화이트)펜션,,,,,,,,
122,2010-10-29,3,폐업,폐업,2019-09-26,,경상남도 통영시 산양읍 영운리 478-3번지,아트인 앤 김(그린)펜션,,,,,,,,
123,2011-06-14,3,폐업,폐업,2018-12-20,,경상남도 통영시 욕지면 서산리 307-15번지,옵타티오펜션민박,,,,,,,,
124,2011-08-11,3,폐업,폐업,2015-04-30,055-645-0580,경상남도 통영시 용남면 동달리 164-6번지,토브펜션민박,,,,,,,,
125,2012-06-19,3,폐업,폐업,2021-02-09,055-644-2700,경상남도 통영시 평림동 967-2,비치캐슬펜션쓰리,,,,,,,,
126,2012-06-19,3,폐업,폐업,2015-01-28,,경상남도 통영시 평림동 967번지,비치캐슬펜션투,,,,,,,,
127,2010-08-03,3,폐업,폐업,2017-10-27,,강원도 춘천시 남산면 창촌리 86-4번지,여우그늘관광펜션,,,,,,,,
128,2014-10-20,3,폐업,폐업,2017-11-16,,강원도 춘천시 남산면 서천리 319번지,쏠리오,,,,,,,,
129,2014-12-15,3,폐업,폐업,2022-04-04,,울산광역시 울주군 서생면 대송리 25-16,수호천사,,,,,,,,
130,2017-08-31,3,폐업,폐업,2021-08-31,,전라남도 보성군 보성읍 보성리 1141-2,수진한옥펜션,,,,,,,,
131,2018-02-05,3,폐업,폐업,2021-10-21,,전라남도 보성군 보성읍 봉산리 1145,해바라기 펜션매점,,,,,,,,
132,2018-05-17,3,폐업,폐업,2020-06-29,061-857-3450,전라남도 보성군 벌교읍 장양리 558-3,벌교펜션민박,,,,,,,,
133,2010-09-07,3,폐업,폐업,2011-03-16,061-262-1000,전라남도 무안군 몽탄면 봉명리 580번지,자연속으로,,,,,,,,
134,2005-04-14,3,폐업,폐업,2012-07-02,061-454-7878,전라남도 무안군 망운면 피서리 809-54번지,무안톱 관광펜션,,,,,,,,
135,2009-09-17,3,폐업,폐업,2020-09-02,061-353-2400,전라남도 영광군 염산면 두우리 969,두리관광팬션,,,,,,,,
136,2017-12-08,3,폐업,폐업,2018-11-05,031-355-4403,경기도 화성시 서신면 제부리 288-101,나무향기펜션1,,,,,,,,
137,2020-03-06,3,폐업,폐업,2021-04-15,,강원도 춘천시 남산면 서천리 532,온정 펜션,,,,,,,,
138,2020-03-05,3,폐업,폐업,2021-08-10,,강원도 원주시 소초면 학곡리 57-13,클라우드펜션민박,,,,,,,,
139,2010-07-08,3,폐업,폐업,2019-01-08,055-635-1164,경상남도 거제시 장목면 유호리 78-32번지,모네펜션,,,,,,,,
140,2013-02-26,3,폐업,폐업,2022-08-05,632-2333,경상남도 거제시 남부면 저구리 737-70,무지개관광펜션,,,,,,,,
141,2013-07-19,3,폐업,폐업,2014-11-21,,경상남도 거제시 장목면 관포리 586-2번지,더비치(솔모로)펜션,,,,,,,,
142,2017-04-10,3,폐업,폐업,2020-03-03,,경상남도 거제시 하청면 석포리 24-12번지,선셋파크 펜션,,,,,,,,
143,2013-07-19,3,폐업,폐업,2014-11-21,,경상남도 거제시 장목면 관포리 581-4번지,더비치(몽벨르)펜션,,,,,,,,
144,2013-07-19,3,폐업,폐업,2014-11-21,,경상남도 거제시 장목면 관포리 581-7번지,더비치펜션(아테네),,,,,,,,
145,2013-07-19,3,폐업,폐업,2014-11-21,,경상남도 거제시 장목면 관포리 586-7번지,더비치펜션(제이스),,,,,,,,
146,2013-07-19,3,폐업,폐업,2014-11-21,,경상남도 거제시 장목면 관포리 581-4번지,더비치펜션(아크로),,,,,,,,
147,2014-06-17,3,폐업,폐업,2015-03-26,,경상남도 거제시 동부면 학동리 229-2번지,유엔아이펜션,,,,,,,,
148,2015-06-15,3,폐업,폐업,2021-11-17,,경상남도 거제시 일운면 망치리 463-2,스타마린관광펜션,,,,,,,,
149,2017-02-20,3,폐업,폐업,2020-03-03,,경상남도 거제시 하청면 석포리 24-6번지,선셋파크 펜션,,,,,,,,
150,2017-02-20,3,폐업,폐업,2020-03-03,,경상남도 거제시 하청면 석포리 24-7번지,선셋파크 펜션,,,,,,,,
151,2004-06-21,3,폐업,폐업,2017-11-08,,강원도 정선군 정선읍 회동리 168번지,가리왕산장,,,,,,,,
152,2004-09-24,3,폐업,폐업,2013-01-28,033-562-5768,강원도 정선군 정선읍 덕송리 408번지,은하수와여울,,,,,,,,
153,2008-05-08,3,폐업,폐업,2019-04-10,,강원도 정선군 정선읍 회동리 171-1번지,아일랜드,,,,,,,,
154,2017-02-14,3,폐업,폐업,2021-07-12,,강원도 정선군 남면 무릉리 741-5,숲속의 캐슬(1),,,,,,,,
155,2017-02-17,3,폐업,폐업,2017-12-18,,강원도 정선군 남면 741-6번지,숲속의 캐슬(2),,,,,,,,
156,2018-05-08,3,폐업,폐업,2019-01-28,033-574-4488,강원도 삼척시 근덕면 장호리 185-4번지,어떤하루펜션,,,,,,,,
157,2004-08-03,3,폐업,폐업,2015-04-13,033-434-8813,강원도 홍천군 홍천읍 삼마치리 385번지,홍천파인밸리관광펜션,,,,,,,,
158,2004-04-30,3,폐업,폐업,2015-04-23,033-434-1609,강원도 홍천군 서면 대곡리 1040-1번지,마이웨이 비발디 관광펜션,,,,,,,,
159,2007-06-27,3,폐업,폐업,2017-08-31,,강원도 홍천군 북방면 노일리 901-3번지,OG 펜션,,,,,,,,
160,2010-03-25,3,폐업,폐업,2016-03-24,433-0353,강원도 홍천군 서석면 수하리 1301-8번지,황금소나무펜션,,,,,,,,
161,2012-06-27,3,폐업,폐업,2018-06-01,033-434-3249,강원도 홍천군 내촌면 광암리 472-4번지,펜션친구사이,,,,,,,,
162,2006-04-17,3,폐업,폐업,2018-06-12,033-672-6072,강원도 양양군 손양면 도화리 183-12번지,관광펜션포에버 1,,,,,,,,
163,2006-04-17,3,폐업,폐업,2015-01-08,033-672-6072,강원도 양양군 손양면 도화리 183-4번지,관광펜션포에버 2,,,,,,,,
164,2010-09-07,3,폐업,폐업,2016-01-08,033-671-1259,강원도 양양군 서면 내현리 30-15,로데스,,,,,,,,
165,2011-08-22,3,폐업,폐업,2015-04-27,,강원도 양양군 서면 내현리 30-16,라벤더코지,,,,,,,,
166,2020-05-15,3,폐업,폐업,2021-04-26,,경상남도 거제시 동부면 가배리 738-5,인피니티 프리덤,,,,,,,,
167,2010-10-27,3,폐업,폐업,2017-10-16,,경상남도 남해군 상주면 상주리 230번지,떼루아관광펜션,,,,,,,,
168,2017-07-13,3,폐업,폐업,2023-01-17,,경상남도 거제시 장목면 시방리 301-9,로제스(B)펜션,,,,,,,,
169,2018-04-30,3,폐업,폐업,2019-01-21,,경상남도 거제시 일운면 망치리 58-2번지,거제외도바다가좋아,,,,,,,,
170,2014-01-03,3,폐업,폐업,2014-07-22,,경상남도 통영시 욕지면 동항리 409-2번지,해오름 황토펜션,,,,,,,,
171,2014-09-01,3,폐업,폐업,2018-03-18,055-643-3332,경상남도 통영시 산양읍 신전리 175-1번지,Encasa펜션,,,,,,,,
172,2014-11-06,3,폐업,폐업,2018-12-12,,경상남도 통영시 용남면 장문리 915-1번지,배쟁이펜션,,,,,,,,
173,2014-12-04,3,폐업,폐업,2018-12-27,,경상남도 통영시 용남면 원평리 1151번지,바다랑 펜션,,,,,,,,
174,2015-05-26,3,폐업,폐업,2018-08-16,,경상남도 통영시 산양읍 미남리 92-6번지,힐링펜션,,,,,,,,
175,2016-05-04,3,폐업,폐업,2019-06-07,,경상남도 통영시 산양읍 영운리 529-1번지,영운리애 펜션민박,,,,,,,,
176,2018-03-20,3,폐업,폐업,2020-12-14,,경상남도 통영시 욕지면 동항리 1245-2 펜션,하늘섬펜션,,,,,,,,
177,2010-11-22,3,폐업,폐업,2016-04-20,,강원도 평창군 봉평면 흥정리 250-8번지,벤치하우스,,,,,,,,
178,2012-11-16,3,폐업,폐업,2014-11-07,033-333-7778,강원도 평창군 봉평면 면온리 697-8번지,칸델라 통나무 펜션,,,,,,,,
179,2014-06-03,3,폐업,폐업,2017-01-19,,강원도 평창군 진부면 수항리 208-2번지,스노우힐펜션,,,,,,,,
180,2004-04-28,3,폐업,폐업,2016-01-07,033-332-0016,강원도 평창군 방림면 계촌리 2223번지,관광펜션 삼봉출발,,,,,,,,
181,2005-05-23,3,폐업,폐업,2014-07-07,,강원도 평창군 봉평면 면온리 693-11번지,올리브관광펜션,,,,,,,,
182,2007-12-28,3,폐업,폐업,2016-04-19,033-334-8263,강원도 평창군 방림면 계촌리 2226-1번지,오랜지관광펜션,,,,,,,,
183,2008-05-13,3,폐업,폐업,2015-09-18,,강원도 평창군 진부면 탑동리 339-3번지,관광펜션 시실리,,,,,,,,
184,2013-10-14,3,폐업,폐업,2015-09-15,,강원도 홍천군 서면 팔봉리 993-2번지 1통1반,한옥펜션 솔향,,,,,,,,
185,2017-11-22,3,폐업,폐업,2018-06-01,033-435-8666,강원도 홍천군 서면 대곡리 25번지,오션워터월드2분거리 신영펜션,,,,,,,,
186,2013-10-30,3,폐업,폐업,2019-03-06,,강원도 홍천군 서면 팔봉리 978-2번지 0통,인마이라이프,,,,,,,,
187,2015-02-03,3,폐업,폐업,2022-11-15,,강원도 홍천군 남면 월천리 103-1,하립골 관광펜션,,,,,,,,
188,2015-04-27,3,폐업,폐업,2022-01-25,033-434-6009,강원도 홍천군 북방면 장항리 98-3,관광펜션 바비아나,,,,,,,,
189,2016-02-24,3,폐업,폐업,2021-06-30,033-436-3688,강원도 홍천군 북방면 장항리 201-30,헤리티스 관광펜션,,,,,,,,
190,2016-02-24,3,폐업,폐업,2021-06-30,033-436-3688,강원도 홍천군 북방면 장항리 201-31,헤리티스2 관광펜션,,,,,,,,
191,2011-10-10,3,폐업,폐업,2019-07-10,334818040,강원도 양구군 양구읍 상리 525-4번지,양구콩세알민박,,,,,,,,
192,2003-12-18,3,폐업,폐업,2014-08-15,,강원도 강릉시 저동 64-6번지,관광팬션 휴심,,,,,,,,
193,2004-08-02,3,폐업,폐업,2015-04-02,,강원도 강릉시 사천면 석교리 343-1번지,래미안관광펜션,,,,,,,,
194,2009-06-11,3,폐업,폐업,2014-07-08,033-644-9411,강원도 강릉시 강동면 정동진리 산 33-1번지,하슬라뮤지엄 관광펜션,,,,,,,,
195,2012-03-29,3,폐업,폐업,2014-11-10,033-661-3810,강원도 강릉시 연곡면 삼산리,들꽃편지,,,,,,,,
196,2011-01-12,3,폐업,폐업,2015-01-07,033-554-0007,강원도 태백시 황지동 496-2번지,하늘다음펜션,,,,,,,,
197,2012-07-17,3,폐업,폐업,2016-04-27,,강원도 고성군 토성면 천진리 47번지,바다의아침,,,,,,,,
198,2021-09-17,3,폐업,폐업,2021-11-29,,충청남도 태안군 안면읍 황도리 64-25 바다가되고싶어요,바다가되고싶어요,,,,,,,,
199,2021-04-26,3,폐업,폐업,2022-01-19,,충청남도 태안군 안면읍 황도리 73-4,노을언덕펜션,,,,,,,,
200,2010-11-18,3,폐업,폐업,2014-01-27,,경상남도 산청군 산청읍 차탄리 498-1번지,차탄한옥펜션,,,,,,,,
201,2010-11-18,3,폐업,폐업,2014-01-27,,경상남도 산청군 산청읍 차탄리 498-2번지,장재한옥마을펜션,,,,,,,,
202,2012-10-22,3,폐업,폐업,2015-09-10,,경상남도 산청군 산청읍 내리 877번지,웅석봉펜션,,,,,,,,
203,2012-10-23,3,폐업,폐업,2016-04-05,,경상남도 산청군 시천면 중산리 544번지,지리산통나무산장,,,,,,,,
204,2014-06-05,3,폐업,폐업,2019-01-16,055-972-7666,경상남도 산청군 삼장면 평촌리 614번지,대원사 계곡 펜션,,,,,,,,
205,2010-11-18,3,폐업,폐업,2014-01-27,,경상남도 산청군 산청읍 차탄리 498-3번지,한옥체험마을펜션,,,,,,,,
206,2007-11-26,3,폐업,폐업,2019-01-14,,경상남도 밀양시 산내면 삼양리 1870-3번지,얼음골관광민박,,,,,,,,
207,2010-03-25,3,폐업,폐업,2019-02-19,055-352-5764,경상남도 밀양시 단장면 범도리 1067-3번지 외 1,알프스관광펜션(주),,,,,,,,
208,2004-12-15,3,폐업,폐업,2014-12-23,,경상남도 거제시 일운면 소동리 129번지,오션뷰 관광펜션 코랄하우스,,,,,,,,
209,2004-12-15,3,폐업,폐업,2014-12-23,055-681-5995,경상남도 거제시 일운면 소동리 129-2번지,오션뷰 관광펜션 쉘하우스,,,,,,,,
210,2004-12-15,3,폐업,폐업,2014-12-23,055-682-4400,경상남도 거제시 일운면 소동리 130-1번지,오션뷰 관광펜션 라이트하우스,,,,,,,,
211,2007-01-22,3,폐업,폐업,2016-02-25,,경상남도 거제시 일운면 망치리 8-1번지,거제도팔색조펜션,,,,,,,,
212,2008-08-06,3,폐업,폐업,2015-01-09,,"경상남도 거제시 장목면 외포리 1256-2번지 외 11필지(1,6,8,9,10,11,15,16,17,22,23)",오빌리지,,,,,,,,
213,2009-02-25,3,폐업,폐업,2015-01-06,055-681-9890,경상남도 거제시 일운면 망치리 9-42번지,거제도노루귀펜션,,,,,,,,
214,2009-02-25,3,폐업,폐업,2015-01-06,055-636-4796,경상남도 거제시 일운면 망치리 9-41번지,노루귀펜션,,,,,,,,
215,2009-03-05,3,폐업,폐업,2018-12-31,055-682-4900,경상남도 거제시 일운면 소동리 158-9,웰빙황토펜션,,,,,,,,
216,2009-06-16,3,폐업,폐업,2015-03-31,682-2795,경상남도 거제시 일운면 망치리 45-8번지,숲속마을 파도소리,,,,,,,,
217,2009-12-30,3,폐업,폐업,2017-09-11,055-867-8444,경상남도 남해군 창선면 동대리 116번지,산마루 관광펜션,,,,,,,,
218,2010-01-18,3,폐업,폐업,2018-02-23,055-867-8848,경상남도 남해군 창선면 동대리 114-15번지,바다가 머무는집 관광펜션,,,,,,,,
219,2018-09-20,3,폐업,폐업,2022-09-08,,경상북도 포항시 남구 구룡포읍 석병리 603,화이트4,,,,,,,,
220,2018-09-20,3,폐업,폐업,2022-09-08,,경상북도 포항시 남구 구룡포읍 석병리 603,화이트7,,,,,,,,
221,2021-03-08,3,폐업,폐업,2021-11-08,,경기도 가평군 가평읍 금대리 55-36,에코스파펜션,,,,,,,,
222,2017-12-06,3,폐업,폐업,2021-11-26,,세종특별자치시 장군면 금암리 367-12 청벽비발디,청벽비발디펜션,,,,,,,,
223,2012-04-18,3,폐업,폐업,2018-07-05,,경기도 남양주시 수동면 지둔리 48-7번지,안다미로,,,,,,,,
224,2009-05-06,3,폐업,폐업,2018-06-14,031-581-1212,경기도 가평군 북면 백둔리 342-2번지,백둔관광펜션,,,,,,,,
225,2009-05-06,3,폐업,폐업,2018-06-14,,경기도 가평군 북면 백둔리 342-3번지,노팅힐,,,,,,,,
226,2010-03-11,3,폐업,폐업,2015-07-15,031-581-6213,경기도 가평군 가평읍 산유리 48-1번지,히어앤나우펜션,,,,,,,,
227,2010-11-19,3,폐업,폐업,2017-09-19,031-582-8122,경기도 가평군 북면 백둔리 45-5번지,연인산 밸리,,,,,,,,
228,2012-09-28,3,폐업,폐업,2017-01-25,,경기도 가평군 청평면 대성리 402-1번지 외1필지,실로암펜션,,,,,,,,
229,2012-12-10,3,폐업,폐업,2017-09-14,,경기도 가평군 하면 하판리 417-10번지,가평펠리체,,,,,,,,
230,2014-02-04,3,폐업,폐업,2017-09-13,,경기도 가평군 청평면 대성리 413-3번지,솔거펜션,,,,,,,,
231,2014-06-16,3,폐업,폐업,2017-09-07,,경기도 가평군 청평면 대성리 422-2번지,꿈에그린리조트,,,,,,,,
232,2018-07-23,3,폐업,폐업,2021-01-22,,경기도 가평군 청평면 고성리 720-2,로뎀펜션,,,,,,,,
233,2017-05-22,3,폐업,폐업,2017-11-21,,경기도 광주시 도척면 궁평리 401-1번지,K401,,,,,,,,
234,2009-07-07,3,폐업,폐업,2013-10-11,,충청북도 제천시 청풍면 교리 227-4번지,플로리안관광펜션(2),,,,,,,,
235,2009-07-07,3,폐업,폐업,2018-06-11,,충청북도 제천시 청풍면 교리 227-3번지,플로리안관광펜션(3),,,,,,,,
236,2009-07-07,3,폐업,폐업,2018-06-11,,충청북도 제천시 청풍면 교리 227-2번지,플로리안관광펜션(5),,,,,,,,
237,2009-07-07,3,폐업,폐업,2018-06-11,,충청북도 제천시 청풍면 교리 227-1번지,플로리안관광펜션(4),,,,,,,,
238,2009-07-07,3,폐업,폐업,2018-06-11,,충청북도 제천시 청풍면 교리 227-5번지,플로리안관광펜션(6),,,,,,,,
239,2009-07-09,3,폐업,폐업,,,충청북도 제천시 청풍면 교리 227-2번지,플로리안관광펜션(5),,,,,,,,
240,2009-07-09,3,폐업,폐업,,,충청북도 제천시 청풍면 교리 227-1번지,플로리안관광펜션(4),,,,,,,,
241,2009-07-09,3,폐업,폐업,,,충청북도 제천시 청풍면 교리 227-5번지,플로리안관광펜션(1),,,,,,,,
242,2009-07-09,3,폐업,폐업,,,충청북도 제천시 청풍면 교리 227-3번지,플로리안관광펜션(3),,,,,,,,
243,2009-07-09,3,폐업,폐업,2018-06-11,,충청북도 제천시 청풍면 교리 227-4번지,플로리안관광펜션(2),,,,,,,,
244,2009-07-09,3,폐업,폐업,2018-06-11,,충청북도 제천시 청풍면 교리 227-6번지,플로리안관광펜션(1),,,,,,,,
245,2003-12-03,3,폐업,폐업,2014-06-09,(043)422-4865,충청북도 단양군 가곡면 가대리 1132번지,펜션단양여행,,,,,,,,
246,2004-10-19,3,폐업,폐업,2020-02-11,(043)422-2002,충청북도 단양군 가곡면 가대리 1134번지,티파니펜션,,,,,,,,
247,2004-06-25,3,폐업,폐업,2013-10-18,,충청북도 단양군 가곡면 가대리 1131번지,사계절단양,,,,,,,,
248,2005-04-15,3,폐업,폐업,2016-11-09,,충청북도 단양군 단양읍 천동리 177-8번지,다리안펜션,,,,,,,,
249,2003-12-03,3,폐업,폐업,2006-08-08,,충청북도 제천시 청풍면 계산리 13-1번지,드림레이크관광펜션,,,,,,,,
250,2009-08-06,3,폐업,폐업,2015-02-09,032-937-8885,인천광역시 강화군 화도면 내리 2159-15번지,펜션 씨엘로,,,,,,,,
251,2018-10-10,3,폐업,폐업,2019-08-01,,인천광역시 강화군 강화읍 월곳리 173-8번지,나니하우스,,,,,,,,
252,2005-10-31,1,영업/정상,영업중,,572-3375,경상북도 문경시 마성면 신현리 468-10,강이 있는 풍경,,,,,,,,
253,2003-12-29,1,영업/정상,영업중,,571-1961,경상북도 문경시 문경읍 요성리 188번지,리앙스,,,,,,,,
254,2008-05-22,1,영업/정상,영업중,,572-3762,경상북도 문경시 문경읍 하초리 365번지,문경새재국민여가캠핑장,,,,,,,,
255,2015-06-26,1,영업/정상,영업중,,,경상북도 경주시 마동,서라벌 토기 관광펜션,,,,,,,,
256,2009-08-21,1,영업/정상,영업중,,054-572-3341,경상북도 문경시 문경읍 고요리 72-1번지,이둔펜션,,,,,,,,
257,2010-02-19,1,영업/정상,영업중,,054-571-6542,경상북도 문경시 가은읍 완장리 432번지,청수펜션,,,,,,,,
258,2013-04-23,1,영업/정상,영업중,,054-571-7777,경상북도 문경시 문경읍 상초리 288-8,꿈꾸는 새재펜션,,,,,,,,
259,2016-06-09,1,영업/정상,영업중,,,경상북도 문경시 문경읍 상초리 288-10번지,문경가름펜션,,,,,,,,
260,2015-06-19,1,영업/정상,영업중,,,충청남도 보령시 남포면 월전리 산 154-1 102동,(주)케이씨티,,,,,,,,
261,2015-06-19,1,영업/정상,영업중,,02-398-1712,충청남도 보령시 남포면 월전리 산 154-1번지 205동,(주)한국문학사,,,,,,,,
262,2015-06-19,1,영업/정상,영업중,,02-398-1710,충청남도 보령시 남포면 월전리 산 154-1번지 206동,(주)한상개발,,,,,,,,
263,2015-06-25,1,영업/정상,영업중,,,충청남도 보령시 신흑동 2257-2번지,유투관광펜션,,,,,,,,
264,2016-08-19,1,영업/정상,영업중,,,충청남도 보령시 신흑동 2301-11번지,난다펜션,,,,,,,,
265,2018-06-07,1,영업/정상,영업중,,041-933-5426,충청남도 보령시 신흑동 2302-3번지,보헤미안펜션,,,,,,,,
266,2018-07-24,1,영업/정상,영업중,,,충청남도 보령시 신흑동 2256-4번지,숨펜션,,,,,,,,
267,2015-06-18,1,영업/정상,영업중,,041-589-3300,"충청남도 보령시 남포면 월전리 산 154-1번지 101, 204동",한국컴퓨터(주),,,,,,,,
268,2006-11-14,1,영업/정상,영업중,,,충청남도 태안군 남면 양잠리 1230-66번지,빨간풍선,,,,,,,,
269,2008-06-12,1,영업/정상,영업중,,,충청남도 태안군 남면 원청리 512-31번지,팜비치,,,,,,,,
270,2008-12-04,1,영업/정상,영업중,,041-6575-8634,충청남도 태안군 남면 양잠리 1230-11번지,레이,,,,,,,,
271,2008-06-12,1,영업/정상,영업중,,,충청남도 태안군 남면 양잠리 1230-18,나폴리,,,,,,,,
272,2008-06-12,1,영업/정상,영업중,,041-674-0321,충청남도 태안군 안면읍 정당리 1300-3번지,장꽁(카멜리아),,,,,,,,
273,2009-05-29,1,영업/정상,영업중,,041-672-2657,충청남도 태안군 남면 신장리 353-41번지,아라,,,,,,,,
274,2010-05-11,1,영업/정상,영업중,,,충청남도 태안군 남면 원청리 512-20번지,청포대하와이,,,,,,,,
275,2010-07-27,1,영업/정상,영업중,,041-673-1587,충청남도 태안군 근흥면 도황리 346-16번지,연포펜션,,,,,,,,
276,2010-08-05,1,영업/정상,영업중,,041-674-1496,충청남도 태안군 남면 신온리 952-19,풀빌라 린더버그,,,,,,,,
277,2006-06-12,1,영업/정상,영업중,,041-674-4100,충청남도 태안군 남면 양잠리 1230-19번지,화가의정원,,,,,,,,
278,2008-01-15,1,영업/정상,영업중,,041-674-0321,충청남도 태안군 안면읍 정당리 1314-7번지,장꽁펜션,,,,,,,,
279,2008-02-20,1,영업/정상,영업중,,041-674-5988,충청남도 태안군 남면 양잠리 1230-15,가장자리,,,,,,,,
280,2008-05-29,1,영업/정상,영업중,,041-673-0515,충청남도 태안군 고남면 장곡리 403-18번지,지중해아침1,,,,,,,,
281,2011-09-30,1,영업/정상,영업중,,041-663-0890,충청남도 서산시 운산면 고풍리 166-2번지,백제의 미소,,,,,,,,
282,2010-08-05,1,영업/정상,영업중,,041-675-7273,충청남도 태안군 이원면 내리 584-16,별궁,,,,,,,,
283,2010-08-06,1,영업/정상,영업중,,041-674-8010,충청남도 태안군 남면 신온리 952-5번지 엘도라도,엘도라도,,,,,,,,
284,2008-05-29,1,영업/정상,영업중,,,충청남도 태안군 고남면 장곡리 403-17번지 지중해아침,지중해아침2,,,,,,,,
285,2012-08-22,1,영업/정상,영업중,,,충청남도 태안군 원북면 신두리 1414-4번지,마로니에 펜션,,,,,,,,
286,2012-05-17,1,영업/정상,영업중,,041-673-7785,충청남도 태안군 남면 몽산리 661-9번지,파도소리,,,,,,,,
287,2014-07-08,1,영업/정상,영업중,,,충청남도 태안군 고남면 장곡리 141-1번지,모석원 (Moseokwon),,,,,,,,
288,2010-08-17,1,영업/정상,영업중,,,충청남도 태안군 남면 원청리 562-16번지,소나무 풍경,,,,,,,,
289,2010-12-02,1,영업/정상,영업중,,,충청남도 태안군 안면읍 정당리 968-5번지,파인웰스,,,,,,,,
290,2010-12-06,1,영업/정상,영업중,,674-8529,충청남도 태안군 남면 원청리 512-131번지,칸타빌레,,,,,,,,
291,2011-02-22,1,영업/정상,영업중,,,충청남도 태안군 태안읍 삭선리 340-14번지,관관농원 백화원,,,,,,,,
292,2011-07-11,1,영업/정상,영업중,,,충청남도 태안군 남면 양잠리 1230-86번지,소소,,,,,,,,
293,2011-09-23,1,영업/정상,영업중,,,충청남도 태안군 남면 원청리 512-33번지,그녀의 바다,,,,,,,,
294,2012-05-25,1,영업/정상,영업중,,,충청남도 태안군 원북면 청산리,더큐브하우스리조트,,,,,,,,
295,2022-03-24,1,영업/정상,영업중,,,경상남도 통영시 산양읍 풍화리 1491-1 2층,고다 하우스,,,,,,,,
296,2018-12-27,1,영업/정상,영업중,,,전라남도 신안군 압해읍 학교리 336-14번지,소풍펜션,,,,,,,,
297,2019-01-17,1,영업/정상,영업중,,,인천광역시 강화군 화도면 내리 1793,소고펜션,,,,,,,,
298,2019-01-23,1,영업/정상,영업중,,,경상남도 하동군 북천면 방화리 618번지,하늘꼬마키즈풀빌라,,,,,,,,
299,2019-02-19,1,영업/정상,영업중,,553670166,경상남도 양산시 원동면 대리 988-2,록수산장,,,,,,,,
300,2019-01-28,1,영업/정상,영업중,,,경상북도 포항시 남구 장기면 두원리 82번지,보드레펜션,,,,,,,,
301,2019-03-22,1,영업/정상,영업중,,,경상남도 통영시 산양읍 남평리 1359-4번지,1359펜션,,,,,,,,
302,2019-03-20,1,영업/정상,영업중,,,강원도 영월군 김삿갓면 주문리 6-1번지,비브릿지,,,,,,,,
303,2019-01-09,1,영업/정상,영업중,,,전라남도 신안군 압해읍 학교리 336-14번지,소풍펜션,,,,,,,,
304,2019-02-13,1,영업/정상,영업중,,,강원도 인제군 상남면 미산리 598-7번지,합수모래관광펜션,,,,,,,,
305,2019-03-05,1,영업/정상,영업중,,041-933-2303,충청남도 보령시 신흑동 2303-9번지,동그라미 펜션,,,,,,,,
306,2019-03-25,1,영업/정상,영업중,,,경상북도 영주시 아지동 445-12번지,아지펜션,,,,,,,,
307,2022-04-25,1,영업/정상,영업중,,054-553-9267,경상북도 문경시 동로면 생달리 437,산모롱이민박,,,,,,,,
308,2016-06-28,1,영업/정상,영업중,,,경상북도 영덕군 병곡면 병곡리 1-5번지,비사이드 관광펜션,,,,,,,,
309,2006-07-18,1,영업/정상,영업중,,054-733-7080,경상북도 영덕군 남정면 남호리 18-4,블루오션펜션,,,,,,,,
310,2011-09-15,1,영업/정상,영업중,,054) 734-8282,경상북도 영덕군 강구면 하저리 14-1,바다빌리지 관광펜션,,,,,,,,
311,2012-02-27,1,영업/정상,영업중,,054)732-0812,경상북도 영덕군 병곡면 병곡리 24번지 8통3반,메르센트펜션,,,,,,,,
312,2014-11-17,1,영업/정상,영업중,,054-734-9977,경상북도 영덕군 병곡면 백석리 340-1번지,비프리비(VIE PRIVEE) 펜션,,,,,,,,
313,2017-11-08,1,영업/정상,영업중,,054-734-0812,경상북도 영덕군 병곡면 병곡리 15-2번지,메르센트리조트,,,,,,,,
314,2016-11-16,1,영업/정상,영업중,,,경상북도 구미시 남통동 312-3,유아이,,,,,,,,
315,2007-05-10,1,영업/정상,영업중,,,경상북도 상주시 사벌국면 삼덕리 3-4,경천대펜션,,,,,,,,
316,2012-09-13,1,영업/정상,영업중,,,경상북도 경주시 탑동 56-11번지,계림궁,,,,,,,,
317,2014-04-03,1,영업/정상,영업중,,,경상북도 경주시 시래동 738번지,경주 천년 한옥펜션,,,,,,,,
318,2014-08-26,1,영업/정상,영업중,,547445559,경상북도 경주시 진현동,토함빌리지,,,,,,,,
319,2012-04-17,1,영업/정상,영업중,,054-791-6031,경상북도 울릉군 북면 천부리 718-44,바다풍경펜션,,,,,,,,
320,2013-03-13,1,영업/정상,영업중,,054-791-0081,경상북도 울릉군 울릉읍 사동리 338-17,(주)울릉드림,,,,,,,,
321,2013-08-09,1,영업/정상,영업중,,,경상북도 울릉군 울릉읍 도동리 146-2 해오름펜션,해오름관광펜션,,,,,,,,
322,2013-10-11,1,영업/정상,영업중,,053-583-0256,경상북도 울릉군 북면 천부리 462-2,나리관광펜션,,,,,,,,
323,2015-07-06,1,영업/정상,영업중,,,경상북도 울릉군 울릉읍 사동리 285-1번지,쉐르빌관광펜션,,,,,,,,
324,2015-08-13,1,영업/정상,영업중,,054-791-7979,경상북도 울릉군 북면 현포리 527-10번지,추억관광펜션,,,,,,,,
325,2015-12-01,1,영업/정상,영업중,,054-791-4171,경상북도 울릉군 울릉읍 사동리 546번지,하얀고래펜션,,,,,,,,
326,2013-09-04,1,영업/정상,영업중,,,경상북도 울진군 기성면 망양리 3번지,마일랑관광펜션,,,,,,,,
327,2013-09-04,1,영업/정상,영업중,,,경상북도 울진군 기성면 망양리 3,새파랑관광펜션,,,,,,,,
328,2017-05-31,1,영업/정상,영업중,,,경상북도 울릉군 울릉읍 사동리 544,그때그기펜션,,,,,,,,
329,2017-06-08,1,영업/정상,영업중,,,경상북도 울릉군 울릉읍 사동리 219-1,진미펜션,,,,,,,,
330,2018-05-17,1,영업/정상,영업중,,,경상북도 울릉군 울릉읍 도동리 300-22,섬지기펜션,,,,,,,,
331,2014-07-21,1,영업/정상,영업중,,,경상북도 봉화군 소천면 고선리 558번지,고향펜션캠핑,,,,,,,,
332,2010-05-17,1,영업/정상,영업중,,054-872-1171,경상북도 청송군 진보면 괴정리 206-3,하늘과 닿은 황장재 펜션,,,,,,,,
333,2015-06-18,1,영업/정상,영업중,,,충청남도 보령시 남포면 월전리 산 154-1번지,(주)한네트,,,,,,,,
334,2009-12-28,1,영업/정상,영업중,,041-934-1455,충청남도 보령시 신흑동 2222-12번지,고향펜션,,,,,,,,
335,2010-10-20,1,영업/정상,영업중,,041-932-0647,충청남도 보령시 신흑동 2258-1번지,제일펜션,,,,,,,,
336,2011-03-14,1,영업/정상,영업중,,041-932-0018,충청남도 보령시 신흑동 2261-6번지,아도니스,,,,,,,,
337,2011-07-20,1,영업/정상,영업중,,041-953-9952,충청남도 보령시 신흑동 2260-10번지,해피데이펜션,,,,,,,,
338,2011-12-07,1,영업/정상,영업중,,041-936-4277,충청남도 보령시 오천면 원산도리 1671-33번지,햇빛바다 관광펜션,,,,,,,,
339,2012-07-17,1,영업/정상,영업중,,,충청남도 보령시 신흑동 2302-9번지,대천올레펜션,,,,,,,,
340,2012-07-17,1,영업/정상,영업중,,,충청남도 보령시 신흑동 2302-2번지,대천초록펜션,,,,,,,,
341,2015-11-11,1,영업/정상,영업중,,,충청남도 공주시 반포면 학봉리 427-1번지,펜션밀물떼,,,,,,,,
342,2015-11-11,1,영업/정상,영업중,,855-2008,충청남도 공주시 반포면 마암리 648-7번지,농업회사법인 주식회사 이안숲속,,,,,,,,
343,2012-11-21,1,영업/정상,영업중,,041-932-1910,충청남도 보령시 신흑동 2222-4번지,햇살콘도식펜션,,,,,,,,
344,2013-05-15,1,영업/정상,영업중,,041-931-7307,충청남도 보령시 신흑동 2303-3,대천놀러와펜션,,,,,,,,
345,2017-06-07,1,영업/정상,영업중,,,충청남도 논산시 벌곡면 도산리 90-3,샤토 로리에,,,,,,,,
346,2012-11-21,1,영업/정상,영업중,,041-932-0421,충청남도 보령시 신흑동 2219-2번지,대천로마펜션,,,,,,,,
347,2013-07-01,1,영업/정상,영업중,,041-931-0500,충청남도 보령시 신흑동 2258-3번지,수지펜션,,,,,,,,
348,2013-07-02,1,영업/정상,영업중,,041-932-5379,충청남도 보령시 신흑동 2301-10번지,대천허브펜션,,,,,,,,
349,2014-07-16,1,영업/정상,영업중,,041-933-5111,충청남도 보령시 신흑동 2304-6번지,메모리펜션,,,,,,,,
350,2014-08-13,1,영업/정상,영업중,,,충청남도 보령시 남포면 월전리 844번지,주식회사 상화원,,,,,,,,
351,2014-08-25,1,영업/정상,영업중,,041-936-3400,충청남도 보령시 신흑동 1951,신진펜션호텔,,,,,,,,
352,2015-04-06,1,영업/정상,영업중,,,충청남도 보령시 오천면 원산도리 1671-27번지,비치하우스펜션,,,,,,,,
353,2015-04-06,1,영업/정상,영업중,,,충청남도 보령시 남포면 월전리 844번지,케이씨에스주식회사,,,,,,,,
354,2015-05-06,1,영업/정상,영업중,,,충청남도 보령시 신흑동 2301-12번지,대천하이펜션,,,,,,,,
355,2015-10-06,1,영업/정상,영업중,,,경기도 여주시 점동면 당진리 7-7번지,예터,,,,,,,,
356,2019-03-12,1,영업/정상,영업중,,,경상북도 영주시 아지동 445-3번지,영주이야기,,,,,,,,
357,2019-02-26,1,영업/정상,영업중,,,경상남도 남해군 미조면 송정리 526번지,별담다,,,,,,,,
358,2019-04-16,1,영업/정상,영업중,,,전라남도 여수시 돌산읍 평사리 1385번지,톡톡월드펜션,,,,,,,,
359,2019-05-22,1,영업/정상,영업중,,061-832-7717,전라남도 고흥군 봉래면 신금리 976-2번지,나로도바다 펜션,,,,,,,,
360,2019-05-22,1,영업/정상,영업중,,061-832-7717,전라남도 고흥군 봉래면 신금리 976-2번지,붉은바다 펜션,,,,,,,,
361,2019-04-12,1,영업/정상,영업중,,,경상북도 칠곡군 석적읍 반계리 182번지,마음소풍,,,,,,,,
362,2004-08-16,1,영업/정상,영업중,,032-933-9677,인천광역시 강화군 삼산면 매음리 650-56 노을내리는아름다운집,노을 내리는 아름다운 집,,,,,,,,
363,2019-05-17,1,영업/정상,영업중,,,경상남도 거제시 남부면 저구리 372번지 주1동,비커밍펜션1,,,,,,,,
364,2019-05-16,1,영업/정상,영업중,,,경기도 가평군 청평면 대성리 428-23,(주)카사미하스(라스블랑카스),,,,,,,,
365,2019-05-13,1,영업/정상,영업중,,,경상남도 통영시 산양읍 풍화리 365,통영FH365 오션뷰스파가족펜션,,,,,,,,
366,2019-04-22,1,영업/정상,영업중,,054-858-1016,경상북도 안동시 남후면 광음리 48-1,강노을 펜션,,,,,,,,
367,2019-05-16,1,영업/정상,영업중,,,충청북도 제천시 한수면 송계리 106-7번지,월악산별장펜션 Ⅰ,,,,,,,,
368,2006-03-31,1,영업/정상,영업중,,033-463-1212,강원도 인제군 인제읍 가리산리 334-1,가리벨리 관광펜션,,,,,,,,
369,2006-03-31,1,영업/정상,영업중,,,강원도 인제군 기린면 방동리 443-1 1통5반,기린초 관광펜션,,,,,,,,
370,2012-11-23,1,영업/정상,영업중,,,강원도 인제군 인제읍 고사리 170,로즈마리 관광펜션,,,,,,,,
371,2016-05-18,1,영업/정상,영업중,,032-836-9300,인천광역시 옹진군 영흥면 내리 1327-16,하와이비치,,,,,,,,
372,2017-04-11,1,영업/정상,영업중,,,인천광역시 옹진군 영흥면 선재리 543,퀸스비치,,,,,,,,
373,2017-05-16,1,영업/정상,영업중,,,인천광역시 옹진군 북도면 장봉리 12-4,오후엔,,,,,,,,
374,2017-09-29,1,영업/정상,영업중,,,인천광역시 옹진군 영흥면 내리 8-256,영흥도관광펜션,,,,,,,,
375,2015-01-26,1,영업/정상,영업중,,,전라남도 해남군 송지면 송호리 1250,땅끝방갈로펜션,,,,,,,,
376,2016-03-17,1,영업/정상,영업중,,,전라북도 정읍시 부전동 866-10번지,브람스 펜션,,,,,,,,
377,2015-07-10,1,영업/정상,영업중,,,충청남도 서천군 서면 도둔리 1412번지,힐링펜션,,,,,,,,
378,2018-03-27,1,영업/정상,영업중,,,전라북도 부안군 변산면 격포리 124-3번지 해넘이타운,해넘이타운,,,,,,,,
379,2018-06-19,1,영업/정상,영업중,,063-466-2777,전라북도 부안군 변산면 운산리 455-89번지,더블힐링펜션,,,,,,,,
380,2014-03-03,1,영업/정상,영업중,,063-625-3659,전라북도 남원시 산내면 내령리 255-2번지 지리산밸리,지리산밸리,,,,,,,,
381,2014-03-21,1,영업/정상,영업중,,063-625-4051,전라북도 남원시 산내면 덕동리 328-4번지,지리산대호관광펜션,,,,,,,,
382,2014-03-31,1,영업/정상,영업중,,063-625-3484,전라북도 남원시 산내면 덕동리 336-3번지,덕동관광펜션농원,,,,,,,,
383,2014-04-25,1,영업/정상,영업중,,063-625-1555,전라북도 남원시 주천면 호기리 241-3,지리산프리방스,,,,,,,,
384,2011-04-28,1,영업/정상,영업중,,322-3425,전라북도 무주군 설천면 심곡리 668번지,우리두리모텔,,,,,,,,
385,2012-06-27,1,영업/정상,영업중,,(063)322-3074,전라북도 무주군 설천면 삼공리 524-8번지,덕유산펜션,,,,,,,,
386,2012-09-21,1,영업/정상,영업중,,,전라북도 부안군 변산면 격포리 643-8번지,소리섬 펜션,,,,,,,,
387,2012-10-18,1,영업/정상,영업중,,,전라북도 부안군 진서면 운호리 155-10번지,생폴드방스 펜션,,,,,,,,
388,2015-06-30,1,영업/정상,영업중,,,전라북도 부안군 변산면 격포리 652-8,더웨스트 변산리조트,,,,,,,,
389,2017-06-30,1,영업/정상,영업중,,,전라북도 부안군 변산면 도청리 152-2번지,한솔펜션,,,,,,,,
390,2017-06-30,1,영업/정상,영업중,,,전라북도 부안군 변산면 도청리 110번지,힐링의 바다,,,,,,,,
391,2017-07-03,1,영업/정상,영업중,,583-0709,전라북도 부안군 변산면 격포리 110번지,힐링의 바다,,,,,,,,
392,2017-07-03,1,영업/정상,영업중,,,전라북도 부안군 변산면 도청리 152-2번지,한솔펜션,,,,,,,,
393,2013-07-22,1,영업/정상,영업중,,,전라북도 무주군 설천면 삼공리 348-10,무주모모펜션,,,,,,,,
394,2014-12-08,1,영업/정상,영업중,,,전라북도 무주군 설천면 심곡리 463-1번지,그안,,,,,,,,
395,2016-01-07,1,영업/정상,영업중,,,전라북도 무주군 설천면 심곡리 624-6번지,다다펜션,,,,,,,,
396,2018-03-13,1,영업/정상,영업중,,,전라북도 무주군 설천면 삼공리 282번지 9동,서림연가,,,,,,,,
397,2005-11-04,1,영업/정상,영업중,,322-8338,전라북도 무주군 무풍면 삼거리 137-1번지,펜션무주네버랜드,,,,,,,,
398,2005-02-24,1,영업/정상,영업중,,063-322-9999,전라북도 무주군 설천면 삼공리 820-5,구름채,,,,,,,,
399,2008-05-27,1,영업/정상,영업중,,322-5088,전라북도 무주군 설천면 삼공리 734번지,리틀프로방스,,,,,,,,
400,2009-11-02,1,영업/정상,영업중,,063-324-0873,전라북도 무주군 설천면 심곡리 646번지,리틀프린스,,,,,,,,
401,2009-06-02,1,영업/정상,영업중,,322-0558,전라북도 무주군 설천면 삼공리 377-1번지,설인펜션,,,,,,,,
402,2010-03-30,1,영업/정상,영업중,,322-3759,전라북도 무주군 설천면 심곡리 738-7번지,눈꽃여행,,,,,,,,
403,2010-03-30,1,영업/정상,영업중,,322-5277,전라북도 무주군 설천면 심곡리 698번지,마법의 성,,,,,,,,
404,2011-04-18,1,영업/정상,영업중,,322-8100,전라북도 무주군 설천면 심곡리 615-1번지,한마음콘도,,,,,,,,
405,2011-04-19,1,영업/정상,영업중,,322-6678,전라북도 무주군 설천면 심곡리 576-2번지,스노우밸리펜션,,,,,,,,
406,2011-04-28,1,영업/정상,영업중,,,전라북도 무주군 설천면 심곡리 668-1,소풍펜션,,,,,,,,
407,2016-01-14,1,영업/정상,영업중,,063-324-7691,전라북도 무주군 적상면 괴목리 591-1번지,여행가방펜션,,,,,,,,
408,2009-09-07,1,영업/정상,영업중,,031-958-0029,경기도 파주시 법원읍 법원리 140-2번지,초호쉼터,,,,,,,,
409,2018-01-23,1,영업/정상,영업중,,,경기도 용인시 처인구 포곡읍 전대리 191-33번지,에버오렌지펜션,,,,,,,,
410,2006-12-20,1,영업/정상,영업중,,031-536-0303,경기도 포천시 일동면 기산리 23-31번지,하늘가람관광펜션,,,,,,,,
411,2012-06-13,1,영업/정상,영업중,,031-534-7474,경기도 포천시 일동면 기산리 695번지,하늘짚펜션,,,,,,,,
412,2012-07-05,1,영업/정상,영업중,,031-535-6494,경기도 포천시 신북면 삼정리 517-2번지,허브힐링관광펜션,,,,,,,,
413,2014-05-23,1,영업/정상,영업중,,1661-5510,경기도 포천시 군내면 상성북리 350-37번지,포천 구들찜가마,,,,,,,,
414,2017-06-16,1,영업/정상,영업중,,,경기도 포천시 소흘읍 고모리 719-3번지,관광 꿈꾸는숲 펜션,,,,,,,,
415,2004-10-29,1,영업/정상,영업중,,031-774-3000,경기도 양평군 양평읍 백안리 17-2번지,양평밸리,,,,,,,,
416,2016-04-20,1,영업/정상,영업중,,031-773-0737,경기도 양평군 강상면 병산리 881-2,도반,,,,,,,,
417,2009-12-24,1,영업/정상,영업중,,031-775-2175,경기도 양평군 양평읍 백안리 30번지,코리아 뮤직파크,,,,,,,,
418,2010-06-04,1,영업/정상,영업중,,031-774-4264,경기도 양평군 단월면 산음리 859-1,아띠울(Attiwool)펜션,,,,,,,,
419,2011-01-18,1,영업/정상,영업중,,031-855-6122,경기도 양주시 장흥면 석현리 359-3,레마르크,,,,,,,,
420,2011-04-27,1,영업/정상,영업중,,829-3226,경기도 양주시 장흥면 석현리 360-19,그레이캐슬,,,,,,,,
421,2019-05-31,1,영업/정상,영업중,,,경상남도 거제시 사등면 창호리 1065번지,지평집,,,,,,,,
422,2019-06-07,1,영업/정상,영업중,,,경상남도 통영시 산양읍 풍화리 756번지,돌고래펜션민박,,,,,,,,
423,2019-07-10,1,영업/정상,영업중,,,강원도 춘천시 남산면 방곡리 252-3,아이플러스 펜션,,,,,,,,
424,2019-07-29,1,영업/정상,영업중,,,충청남도 보령시 신흑동 2261-5,달팽이펜션,,,,,,,,
425,2019-09-06,1,영업/정상,영업중,,,충청남도 보령시 신흑동 2303-5번지,대천뜨란체펜션,,,,,,,,
426,2019-09-02,1,영업/정상,영업중,,,경상남도 산청군 삼장면 내원리 46-2,별빛펜션,,,,,,,,
427,2019-08-06,1,영업/정상,영업중,,,충청남도 보령시 신흑동 2260-3번지,디어펜션,,,,,,,,
428,2019-08-06,1,영업/정상,영업중,,,경상북도 포항시 남구 장기면 대진리 191번지,190워터프런트,,,,,,,,
429,2019-07-25,1,영업/정상,영업중,,,충청남도 태안군 원북면 방갈리 515-78번지,별빛바다,,,,,,,,
430,2019-07-09,1,영업/정상,영업중,,,경상남도 통영시 도산면 저산리 668번지,해지음,,,,,,,,
431,2019-08-19,1,영업/정상,영업중,,,경상남도 거제시 하청면 어온리 13,에코풀하우스,,,,,,,,
432,2019-07-05,1,영업/정상,영업중,,,충청남도 보령시 신흑동 2306-6번지,이글스파크펜션,,,,,,,,
433,2019-07-05,1,영업/정상,영업중,,,충청남도 보령시 신흑동 2306-2,하루펜션,,,,,,,,
434,2022-04-14,1,영업/정상,영업중,,,경상남도 통영시 도산면 저산리 710-1,아르뷰,,,,,,,,
435,2022-04-18,1,영업/정상,영업중,,,경기도 화성시 서신면 제부리 8-3,제부 포레스트,,,,,,,,
436,2006-10-17,1,영업/정상,영업중,,,강원도 횡성군 서원면 석화리 232,변경 전 : 오크파인트리펜션 변경 후 : 펜션 별을 쏘다.,,,,,,,,
437,2008-01-28,1,영업/정상,영업중,,,강원도 횡성군 둔내면 삽교리 795번지,별무리관광펜션,,,,,,,,
438,2014-08-26,1,영업/정상,영업중,,,전라남도 곡성군 죽곡면 용정리 219,좋은세상리조트 글램핑펜션,,,,,,,,
439,2014-08-13,1,영업/정상,영업중,,763-4182,전라남도 광양시 옥룡면 동곡리 631번지,백운펜션,,,,,,,,
440,2017-09-14,1,영업/정상,영업중,,,전라남도 광양시 옥룡면 동곡리 1233-2번지,주식회사 필관광하우스,,,,,,,,
441,2016-07-25,1,영업/정상,영업중,,061-337-0114,전라남도 나주시 남평읍 교원리 464-4,숲속의 산책,,,,,,,,
442,2014-08-19,1,영업/정상,영업중,,,전라남도 영광군 낙월면 송이리 산 270번지,송이도친환경가족펜션,,,,,,,,
443,2016-05-23,1,영업/정상,영업중,,061-353-4476,전라남도 영광군 불갑면 모악리 359번지,영광힐링컨벤션타운,,,,,,,,
444,2016-11-01,1,영업/정상,영업중,,,전라남도 진도군 임회면 죽림리 1091-7번지,구름이 쉬어가는 곳,,,,,,,,
445,2012-06-14,1,영업/정상,영업중,,,전라남도 여수시 돌산읍 평사리 338-5번지,폴링인블루펜션,,,,,,,,
446,2012-05-16,1,영업/정상,영업중,,,전라남도 구례군 산동면 수기리 244-5번지,수락폭포 펜션,,,,,,,,
447,2012-05-23,1,영업/정상,영업중,,,전라남도 구례군 산동면 수기리 244-3번지,자연세계 펜션,,,,,,,,
448,2014-04-28,1,영업/정상,영업중,,061-783-7878,전라남도 구례군 토지면 외곡리 777-5번지,파파스펜션,,,,,,,,
449,2016-03-02,1,영업/정상,영업중,,,전라남도 구례군 구례읍 봉서리 2129번지,지리산휴가관광펜션,,,,,,,,
450,2012-12-14,1,영업/정상,영업중,,061-271-2330,전라남도 신안군 증도면 방축리 415-1번지,블루마레펜션,,,,,,,,
451,2013-12-23,1,영업/정상,영업중,,,전라남도 신안군 증도면 증동리 1863-1번지,아뜰리에,,,,,,,,
452,2014-02-06,1,영업/정상,영업중,,061-275-5400,전라남도 신안군 증도면 증동리 1863번지,유앤아이,,,,,,,,
453,2018-06-29,1,영업/정상,영업중,,,전라남도 신안군 암태면 기동리 452-2번지,새천년펜션,,,,,,,,
454,2011-08-10,1,영업/정상,영업중,,061-532-6331,전라남도 해남군 송지면 통호리 588-4번지,땅끝풍경펜션,,,,,,,,
455,2015-03-17,1,영업/정상,영업중,,061-534-8856,전라남도 해남군 삼산면 구림리 138-32번지,두륜산관광펜션,,,,,,,,
456,2015-11-03,1,영업/정상,영업중,,061-534-1730,전라남도 해남군 문내면 무고리 1055번지,노을빛바다,,,,,,,,
457,2011-12-09,1,영업/정상,영업중,,473-0662,전라남도 영암군 영암읍 개신리 319-4번지,월출관광농원 월출콘도,,,,,,,,
458,2015-07-08,1,영업/정상,영업중,,,전라남도 영암군 군서면 도갑리 204-1번지,소풍,,,,,,,,
459,2017-02-10,1,영업/정상,영업중,,061-863-4727,전라남도 장흥군 안양면 비동리 188번지,장흥 달바위펜션,,,,,,,,
460,2017-09-28,1,영업/정상,영업중,,,경상남도 남해군 서면 정포리 1028번지,코지하우스,,,,,,,,
461,2019-08-09,1,영업/정상,영업중,,,경상남도 통영시 용남면 삼화리 296-3번지,드레피인,,,,,,,,
462,2019-07-12,1,영업/정상,영업중,,,강원도 고성군 토성면 봉포리 167-4번지,삼박한집,,,,,,,,
463,2019-08-21,1,영업/정상,영업중,,,전라북도 부안군 변산면 대항리 630-1번지,코지캐빈 펜션,,,,,,,,
464,2019-09-08,1,영업/정상,영업중,,,경상북도 포항시 남구 장기면 대진리 192-8번지,더 헤이븐,,,,,,,,
465,2019-12-16,1,영업/정상,영업중,,,경상남도 거제시 동부면 구천리 896-2번지,거제 핀란드풍 도담펜션,,,,,,,,
466,2019-10-14,1,영업/정상,영업중,,055-570-2514,경상남도 의령군 궁류면 벽계리 453번지 벽계관광지 통나무집,벽계관광지 통나무집,,,,,,,,
467,2019-12-02,1,영업/정상,영업중,,,인천광역시 중구 중산동 1946-14 씨사이드에비뉴,씨사이드에비뉴,,,,,,,,
468,2019-12-02,1,영업/정상,영업중,,,경상남도 남해군 미조면 송정리 967-2,설리리조트 펜션 A동,,,,,,,,
469,2019-12-02,1,영업/정상,영업중,,,경상남도 남해군 미조면 송정리 967-2번지,설리리조트 펜션 B동,,,,,,,,
470,2019-10-10,1,영업/정상,영업중,,,경상북도 청도군 각남면 구곡리 627-8번지,더 포레 관광펜션,,,,,,,,
471,2019-12-05,1,영업/정상,영업중,,,강원도 홍천군 서면 모곡리 305-13번지,토리아이풀빌라골프텔,,,,,,,,
472,2019-12-05,1,영업/정상,영업중,,,강원도 홍천군 서면 모곡리 305-11번지,토리아이풀빌라 스파1동,,,,,,,,
473,2019-12-05,1,영업/정상,영업중,,,강원도 홍천군 서면 모곡리 305-15번지,토리아이풀빌라스파2동,,,,,,,,
474,2019-12-05,1,영업/정상,영업중,,,강원도 홍천군 서면 모곡리 305-4번지,토리아이풀빌라키즈,,,,,,,,
475,2019-12-05,1,영업/정상,영업중,,,강원도 홍천군 서면 모곡리 305-7번지,토리아이풀빌라,,,,,,,,
476,2019-12-24,1,영업/정상,영업중,,,경상남도 산청군 단성면 운리 73-50,라움펜션,,,,,,,,
477,2019-12-26,1,영업/정상,영업중,,,충청남도 보령시 남포면 월전리 616-15번지,솔밭해안가펜션,,,,,,,,
478,2019-10-15,1,영업/정상,영업중,,,경상북도 문경시 가은읍 갈전리 603-1번지,문경펜션,,,,,,,,
479,2019-11-29,1,영업/정상,영업중,,,울산광역시 울주군 온산읍 강양리 63-2번지,나디아,,,,,,,,
480,2019-11-29,1,영업/정상,영업중,,,울산광역시 울주군 온산읍 강양리 63-2번지,루디아,,,,,,,,
481,2019-10-04,1,영업/정상,영업중,,,경기도 용인시 처인구 양지면 평창리 680번지,에코그린타운,,,,,,,,
482,2019-11-12,1,영업/정상,영업중,,,전라남도 영암군 영암읍 개신리 484-30번지,월출산천황사맛집식당 펜션,,,,,,,,
483,2019-11-19,1,영업/정상,영업중,,,충청남도 보령시 신흑동 2261-3번지,별밤펜션,,,,,,,,
484,2019-10-20,1,영업/정상,영업중,,,경상남도 거제시 남부면 갈곶리 387-8번지,해금강 하늘 가람 펜션,,,,,,,,
485,2019-10-23,1,영업/정상,영업중,,033-641-7779,강원도 강릉시 안현동 188번지 바다가 좋아펜션,바다가 좋아펜션,,,,,,,,
486,2019-11-27,1,영업/정상,영업중,,,강원도 양양군 손양면 동호리 1-20번지,트리플펜션&글램핑,,,,,,,,
487,2019-11-22,1,영업/정상,영업중,,,경상남도 남해군 상주면 상주리 100-1번지,오션하임,,,,,,,,
488,2022-02-11,1,영업/정상,영업중,,,강원도 양양군 손양면 상왕도리 742,발렌타인,,,,,,,,
489,2022-01-28,1,영업/정상,영업중,,,경상북도 청도군 운문면 신원리 413,빌라드 아바,,,,,,,,
490,2022-01-28,1,영업/정상,영업중,,,경상북도 청도군 운문면 신원리 417,느티고을펜션,,,,,,,,
491,2022-03-29,1,영업/정상,영업중,,,경상남도 거제시 장목면 율천리 130-3 주2동,뉴라이프,,,,,,,,
492,2022-03-29,1,영업/정상,영업중,,,경상남도 거제시 장목면 율천리 129-3 주2동,장목푸른펜션,,,,,,,,
493,2022-03-29,1,영업/정상,영업중,,,경상남도 거제시 장목면 율천리 129-3,율천펜션,,,,,,,,
494,2022-03-29,1,영업/정상,영업중,,,"경상남도 거제시 장목면 율천리 129-3 주5,6동",금동펜션,,,,,,,,
495,2022-03-14,1,영업/정상,영업중,,,강원도 홍천군 서면 대곡리 1027-12,유리트리트,,,,,,,,
496,2022-02-23,1,영업/정상,영업중,,,강원도 강릉시 성산면 보광리 487,연소담,,,,,,,,
497,2022-02-09,1,영업/정상,영업중,,,강원도 강릉시 사천면 사천진리 192-4,컴페니온,,,,,,,,
498,2022-02-03,1,영업/정상,영업중,,,충청남도 태안군 안면읍 황도리 8-61,황도민박2,,,,,,,,
499,2022-02-04,1,영업/정상,영업중,,063-543-2350,전라북도 부안군 변산면 운산리 356-186,스테이80,,,,,,,,
500,2022-02-14,1,영업/정상,영업중,,,경기도 화성시 서신면 제부리 41-4,나드리 펜션,,,,,,,,
501,2010-06-25,1,영업/정상,영업중,,055-645-3321,경상남도 통영시 한산면 비진리 364번지,the sea 펜션,,,,,,,,
502,2011-07-07,1,영업/정상,영업중,,055-646-1790,경상남도 통영시 산양읍 미남리 236번지,리베르떼펜션민박,,,,,,,,
503,2010-08-10,1,영업/정상,영업중,,642-7707,경상남도 통영시 산양읍 영운리 29번지,펜션미라지,,,,,,,,
504,2010-09-09,1,영업/정상,영업중,,,경상남도 통영시 용남면 화삼리 918번지,올가리조트,,,,,,,,
505,2011-10-21,1,영업/정상,영업중,,,경상남도 통영시 산양읍 미남리 467번지,통영 둘 다섯 펜션,,,,,,,,
506,2012-08-02,1,영업/정상,영업중,,,경상남도 통영시 용남면 장문리 911-2번지,마리조아펜션,,,,,,,,
507,2012-08-02,1,영업/정상,영업중,,,경상남도 통영시 용남면 장문리 911-4번지,보통의날들 펜션,,,,,,,,
508,2012-12-31,1,영업/정상,영업중,,646-0808,경상남도 통영시 용남면 화삼리 1번지,맘마 논 맘마 펜션 민박,,,,,,,,
509,2008-08-01,1,영업/정상,영업중,,033-742-4455,강원도 원주시 지정면 판대리 370-26,자작나무숲펜션,,,,,,,,
510,2015-05-12,1,영업/정상,영업중,,,울산광역시 울주군 상북면 이천리 642-1번지,배내골 걸리버 펜션,,,,,,,,
511,2015-11-05,1,영업/정상,영업중,,,울산광역시 울주군 상북면 이천리 520-1번지,퀸즈파크펜션,,,,,,,,
512,2017-07-20,1,영업/정상,영업중,,,경상북도 영덕군 병곡면 병곡리 360번지,HAVET,,,,,,,,
513,2015-06-24,1,영업/정상,영업중,,,경상북도 영덕군 강구면 금진리 23번지,에떼르모 관광펜션,,,,,,,,
514,2014-08-02,1,영업/정상,영업중,,,전라남도 순천시 대대동 232-6,순천만풍경,,,,,,,,
515,2015-06-05,1,영업/정상,영업중,,,전라남도 순천시 대대동 229-1번지,종가집,,,,,,,,
516,2004-11-15,1,영업/정상,영업중,,061-852-1966,전라남도 보성군 보성읍 봉산리 795-13번지,골망태,,,,,,,,
517,2011-06-21,1,영업/정상,영업중,,062-522-9600,전라남도 보성군 회천면 동율리 732번지,보성로뎀,,,,,,,,
518,2015-08-24,1,영업/정상,영업중,,,전라남도 순천시 대대동 229번지,용마루,,,,,,,,
519,2016-11-04,1,영업/정상,영업중,,,전라남도 순천시 해룡면 해창리 258-3,JNJ빌리지,,,,,,,,
520,2018-07-25,1,영업/정상,영업중,,,전라남도 보성군 문덕면 용암리 1065-5번지,소걸음 펜션,,,,,,,,
521,2014-05-27,1,영업/정상,영업중,,,"전라남도 고흥군 금산면 신평리 280번지 외 2필지(280-11, 277-9)",해돌마루펜션,,,,,,,,
522,2018-01-08,1,영업/정상,영업중,,,전라남도 고흥군 금산면 신평리 277-3번지,해돌마루민박,,,,,,,,
523,2018-01-24,1,영업/정상,영업중,,,전라남도 고흥군 금산면 신평리 277-16번지,산마루,,,,,,,,
524,2018-03-30,1,영업/정상,영업중,,,전라남도 고흥군 금산면 신평리 1001-1,해그라미,,,,,,,,
525,2010-06-07,1,영업/정상,영업중,,061-453-5335,전라남도 무안군 청계면 복길리 560번지,해비치나루,,,,,,,,
526,2012-07-02,1,영업/정상,영업중,,061-454-7878,전라남도 무안군 망운면 피서리 809-54,무안 톱 관광펜션,,,,,,,,
527,2012-12-18,1,영업/정상,영업중,,,전라남도 무안군 청계면 구로리 669,하늘별바다 펜션,,,,,,,,
528,2017-11-01,1,영업/정상,영업중,,061-453-3381,전라남도 무안군 청계면 복길리 537-3번지,휴 관광펜션,,,,,,,,
529,2011-09-20,1,영업/정상,영업중,,061-433-6262,전라남도 강진군 도암면 학장리 83-11번지 강진베이스볼파크,강진베이스볼파크펜션,,,,,,,,
530,2015-07-15,1,영업/정상,영업중,,061-433-6312,전라남도 강진군 성전면 월하리 599번지 3,롯지펜션,,,,,,,,
531,2011-04-07,1,영업/정상,영업중,,,전라남도 완도군 약산면 득암리 568-2번지,도원관광펜션,,,,,,,,
532,2011-11-07,1,영업/정상,영업중,,554-4445,전라남도 완도군 신지면 신리 530-18번지,리베라관광펜션,,,,,,,,
533,2016-09-23,1,영업/정상,영업중,,,전라남도 완도군 신지면 신리 530-24,New 리베라 펜션,,,,,,,,
534,2016-11-17,1,영업/정상,영업중,,,전라남도 완도군 보길면 부황리 516-8번지,뾰족산 펜션,,,,,,,,
535,2017-08-03,1,영업/정상,영업중,,061-554-2233,전라남도 완도군 군외면 삼두리 234-8번지,구름바다 펜션,,,,,,,,
536,2017-11-22,1,영업/정상,영업중,,061-554-1009,전라남도 완도군 보길면 예송리 225-2번지,블랙스톤펜션,,,,,,,,
537,2017-03-07,1,영업/정상,영업중,,,경기도 화성시 서신면 제부리 40-1,바다뜰이야기펜션,,,,,,,,
538,2017-07-14,1,영업/정상,영업중,,031-356-0838,경기도 화성시 서신면 제부리 10-20,다소니펜션,,,,,,,,
539,2017-08-10,1,영업/정상,영업중,,,경기도 화성시 서신면 제부리 270-8,수에뇨펜션,,,,,,,,
540,2017-08-10,1,영업/정상,영업중,,,경기도 화성시 서신면 제부리 103,미고펜션,,,,,,,,
541,2017-09-07,1,영업/정상,영업중,,031-355-1126,경기도 화성시 서신면 제부리 187 (및 187-2번지),리베펜션,,,,,,,,
542,2019-04-25,1,영업/정상,영업중,,,경기도 화성시 서신면 제부리 40-13,갯벌펜션(민박),,,,,,,,
543,2019-04-26,1,영업/정상,영업중,,,경기도 화성시 서신면 제부리 290-1,양지팬션,,,,,,,,
544,2019-04-26,1,영업/정상,영업중,,,경기도 화성시 서신면 제부리 290-1,양지리조텔,,,,,,,,
545,2019-07-23,1,영업/정상,영업중,,,경기도 화성시 서신면 제부리 95,토닥토닥,,,,,,,,
546,2019-11-27,1,영업/정상,영업중,,,경기도 화성시 서신면 제부리 190-95,나그랑펜션,,,,,,,,
547,2020-02-04,1,영업/정상,영업중,,031-356-9400,경기도 화성시 서신면 제부리 198-5,올레펜션,,,,,,,,
548,2020-06-08,1,영업/정상,영업중,,,경기도 화성시 서신면 제부리 79-6,제부애니멀카페앤펜션,,,,,,,,
549,2020-07-24,1,영업/정상,영업중,,,경기도 화성시 서신면 제부리 290-97,브릭스테이,,,,,,,,
550,2020-07-28,1,영업/정상,영업중,,,경기도 화성시 서신면 제부리 190-14,일마레,,,,,,,,
551,2017-08-14,1,영업/정상,영업중,,031-356-9050,경기도 화성시 서신면 제부리 40-5,초원펜션,,,,,,,,
552,2017-10-18,1,영업/정상,영업중,,031-357-7775,경기도 화성시 서신면 제부리 76,동미산펜션,,,,,,,,
553,2017-11-30,1,영업/정상,영업중,,031-357-8326,경기도 화성시 서신면 제부리 288-58 외 제부리 288-100,테라스의 아침펜션,,,,,,,,
554,2017-12-08,1,영업/정상,영업중,,031-355-4403,경기도 화성시 서신면 제부리 288-12,나무향기펜션2,,,,,,,,
555,2018-10-04,1,영업/정상,영업중,,,경기도 화성시 서신면 제부리 288-121,오브레펜션(팔라디오),,,,,,,,
556,2018-10-04,1,영업/정상,영업중,,,경기도 화성시 서신면 제부리 186-1,펜션캐빈,,,,,,,,
557,2018-10-08,1,영업/정상,영업중,,,경기도 화성시 서신면 제부리 40-8,더멍102,,,,,,,,
558,2018-03-16,1,영업/정상,영업중,,031-355-6250,경기도 화성시 서신면 제부리 42-15,연리지펜션,,,,,,,,
559,2018-04-24,1,영업/정상,영업중,,031-357-3717,경기도 화성시 서신면 제부리 96,좋은이웃펜션,,,,,,,,
560,2018-04-26,1,영업/정상,영업중,,031-355-3399,경기도 화성시 서신면 제부리 102,애플펜션,,,,,,,,
561,2018-06-14,1,영업/정상,영업중,,,경기도 화성시 서신면 제부리 190-191,휴콘도,,,,,,,,
562,2018-07-09,1,영업/정상,영업중,,031-355-0593,경기도 화성시 서신면 제부리 190-101,블루하우스,,,,,,,,
563,2018-09-18,1,영업/정상,영업중,,031-355-0271,경기도 화성시 서신면 제부리 198-6,섬마을콘도민박,,,,,,,,
564,2018-10-04,1,영업/정상,영업중,,,경기도 화성시 서신면 제부리 288-106,오브레펜션(카사),,,,,,,,
565,2018-10-18,1,영업/정상,영업중,,,경기도 화성시 서신면 제부리 42-7,바다향기펜션,,,,,,,,
566,2018-11-23,1,영업/정상,영업중,,,경기도 화성시 서신면 제부리 120,인디고펜션,,,,,,,,
567,2018-11-23,1,영업/정상,영업중,,,경기도 화성시 서신면 제부리 270-6,프리마베라펜션,,,,,,,,
568,2018-11-26,1,영업/정상,영업중,,,경기도 화성시 서신면 제부리 190-81,작은섬 2,,,,,,,,
569,2018-11-26,1,영업/정상,영업중,,,경기도 화성시 서신면 제부리 190-81,작은섬 1,,,,,,,,
570,2018-12-18,1,영업/정상,영업중,,,경기도 화성시 서신면 제부리 10-2,솔잎펜션 2,,,,,,,,
571,2018-12-18,1,영업/정상,영업중,,,경기도 화성시 서신면 제부리 10-25,솔잎펜션 1,,,,,,,,
572,2019-02-14,1,영업/정상,영업중,,,경기도 화성시 서신면 제부리 40-14,디앤와이펜션,,,,,,,,
573,2020-02-17,1,영업/정상,영업중,,,경기도 화성시 서신면 제부리 217-2,제부도전원주택한우물펜션,,,,,,,,
574,2020-04-16,1,영업/정상,영업중,,,경기도 화성시 서신면 제부리 190-150,제이하우스,,,,,,,,
575,2020-05-29,1,영업/정상,영업중,,,경기도 화성시 서신면 제부리 190-28,여행스케치,,,,,,,,
576,2017-09-21,1,영업/정상,영업중,,,경기도 화성시 서신면 제부리 41-1,해송펜션,,,,,,,,
577,2020-02-25,1,영업/정상,영업중,,,충청남도 공주시 반포면 학봉리 724번지,계룡그린콘도,,,,,,,,
578,2020-02-25,1,영업/정상,영업중,,041-852-1946,충청남도 공주시 무릉동 473번지,무릉펜션,,,,,,,,
579,2020-01-21,1,영업/정상,영업중,,,경상남도 남해군 서면 서상리 1138번지,스테이숨,,,,,,,,
580,2020-03-24,1,영업/정상,영업중,,,충청남도 태안군 원북면 신두리 1233-32번지,에벤에셀펜션,,,,,,,,
581,2020-02-26,1,영업/정상,영업중,,,전라남도 신안군 비금면 가산리 179-1번지,가산펜션,,,,,,,,
582,2020-01-10,1,영업/정상,영업중,,,강원도 속초시 도문동 1413-1번지,스머프하우스,,,,,,,,
583,2020-03-09,1,영업/정상,영업중,,,충청남도 태안군 남면 몽산리 967번지,팜카밀레,,,,,,,,
584,2020-03-09,1,영업/정상,영업중,,,충청남도 공주시 반포면 학봉리 674-3,봄날처럼민박,,,,,,,,
585,2020-01-10,1,영업/정상,영업중,,,강원도 양양군 현남면 죽리 216-1번지,아름다운 펜션,,,,,,,,
586,2020-03-25,1,영업/정상,영업중,,,경기도 양평군 양서면 양수리 359번지,그린토피아,,,,,,,,
587,2020-03-06,1,영업/정상,영업중,,041-932-9262,충청남도 보령시 오천면 영보리 348-2번지 더반힐,더반 힐 리조트펜션,,,,,,,,
588,2020-01-23,1,영업/정상,영업중,,,경상남도 통영시 용남면 화삼리 2-5번지,풀빌라이유민박,,,,,,,,
589,2020-03-04,1,영업/정상,영업중,,,경상북도 포항시 남구 호미곶면 구만리 646-5번지,케렌시아,,,,,,,,
590,2020-01-28,1,영업/정상,영업중,,,경상북도 포항시 북구 송라면 지경리 407-39번지,슬로우오션 풀빌라 펜션,,,,,,,,
591,2020-01-22,1,영업/정상,영업중,,,인천광역시 옹진군 북도면 장봉리 1302-5 음식점,블루힐펜션,,,,,,,,
592,2021-12-28,1,영업/정상,영업중,,,경기도 화성시 서신면 제부리 290-9,바닷길펜션,,,,,,,,
593,2022-01-11,1,영업/정상,영업중,,,경상북도 청도군 금천면 소천리 500-2,청우힐링,,,,,,,,
594,2022-01-17,1,영업/정상,영업중,,,충청남도 예산군 덕산면 사동리 408,온연프라이빗빌라,,,,,,,,
595,2022-01-14,1,영업/정상,영업중,,,충청북도 진천군 진천읍 원덕리 225-1,시기공추,,,,,,,,
596,2021-12-27,1,영업/정상,영업중,,,전라북도 순창군 복흥면 대방리 212-4,스테이 사계,,,,,,,,
597,2021-12-31,1,영업/정상,영업중,,,전라남도 여수시 오천동 348,해아란,,,,,,,,
598,2021-12-31,1,영업/정상,영업중,,,강원도 홍천군 서면 굴업리 280-1,펜션아이리스,,,,,,,,
599,2010-01-13,1,영업/정상,영업중,,634-1515,경상남도 거제시 일운면 망치리 438-1번지,로하스콘도,,,,,,,,
600,2010-01-13,1,영업/정상,영업중,,634-1515,경상남도 거제시 일운면 망치리 438-1번지,로즈마리,,,,,,,,
601,2010-01-13,1,영업/정상,영업중,,634-1515,경상남도 거제시 일운면 망치리 438-7번지,쟈스민,,,,,,,,
602,2010-09-30,1,영업/정상,영업중,,682-0119,경상남도 거제시 일운면 망치리 731-2번지,에버그린펜션,,,,,,,,
603,2011-08-19,1,영업/정상,영업중,,681-6164,경상남도 거제시 일운면 망치리 569번지,선샤인비치펜션,,,,,,,,
604,2011-10-07,1,영업/정상,영업중,,636-8959,경상남도 거제시 동부면 학동리 272-1번지,크로바펜션,,,,,,,,
605,2012-07-27,1,영업/정상,영업중,,,경상남도 거제시 장목면 외포리 1252-21번지,하늘테라스관광펜션,,,,,,,,
606,2012-10-04,1,영업/정상,영업중,,033-455-0002,강원도 철원군 동송읍 상노리 810-5,담터펜션,,,,,,,,
607,2016-03-07,1,영업/정상,영업중,,,강원도 철원군 서면 와수리 1157-7,스마일펜션,,,,,,,,
608,2018-05-17,1,영업/정상,영업중,,,강원도 철원군 서면 와수리 885번지,하늘빛,,,,,,,,
609,2018-05-17,1,영업/정상,영업중,,,강원도 철원군 서면 와수리 885번지,하늘빛투,,,,,,,,
610,2006-06-19,1,영업/정상,영업중,,033-563-0548,강원도 정선군 북평면 나전리 257-1번지 1통4반,도원펜션,,,,,,,,
611,2017-02-17,1,영업/정상,영업중,,,강원도 정선군 남면 무릉리 741-9번지,프로방스 펜션,,,,,,,,
612,2017-02-27,1,영업/정상,영업중,,033-562-6370,강원도 정선군 여량면 유천리 277번지,모래불 펜션,,,,,,,,
613,2017-08-18,1,영업/정상,영업중,,,강원도 정선군 정선읍 덕우리 515-7번지,스위트 온 펜션,,,,,,,,
614,2018-06-18,1,영업/정상,영업중,,033-572-4034,강원도 삼척시 근덕면 장호리 3-43,인드라망펜션텔,,,,,,,,
615,2005-01-31,1,영업/정상,영업중,,033-432-8199,강원도 홍천군 남면 화전리 352번지,양덕드림빌1호 관광펜션,,,,,,,,
616,2005-09-26,1,영업/정상,영업중,,033-434-8337,강원도 홍천군 서면 팔봉리 80번지,타샤의 정원 관광펜션,,,,,,,,
617,2006-02-15,1,영업/정상,영업중,,,강원도 홍천군 서면 팔봉리 81-5번지,까사모로1,,,,,,,,
618,2014-09-03,1,영업/정상,영업중,,033-541-3803,강원도 삼척시 도계읍 심포리 231-3,(주)하이원추추파크,,,,,,,,
619,2017-05-25,1,영업/정상,영업중,,033-575-4846,강원도 삼척시 미로면 내미로리 167,방갈로펜션,,,,,,,,
620,2004-06-21,1,영업/정상,영업중,,033-435-8588,강원도 홍천군 서면 어유포리 294-1번지,관광펜션 곰,,,,,,,,
621,2006-07-04,1,영업/정상,영업중,,033-434-2920,강원도 홍천군 북방면 노일리 955번지,관광펜션 라스뗄라,,,,,,,,
622,2007-11-27,1,영업/정상,영업중,,,강원도 홍천군 서면 팔봉리 85번지,아침의 향기 관광펜션,,,,,,,,
623,2011-11-15,1,영업/정상,영업중,,433-6069,강원도 홍천군 화촌면 장평리 928,이화펜션,,,,,,,,
624,2012-05-24,1,영업/정상,영업중,,033-435-9164,강원도 홍천군 북방면 장항리 118-1번지,시실리펜션,,,,,,,,
625,2018-08-02,1,영업/정상,영업중,,,전라남도 보성군 문덕면 죽산리 104-12번지,파라다이스펜션,,,,,,,,
626,2018-07-30,1,영업/정상,영업중,,,충청남도 보령시 신흑동 2306-1번지,도로시펜션,,,,,,,,
627,2018-07-31,1,영업/정상,영업중,,041-936-1823,충청남도 보령시 신흑동 2304-5번지,바다조아펜션,,,,,,,,
628,2011-07-08,1,영업/정상,영업중,,,경상북도 포항시 남구 호미곶면 강사리 194번지,라메르펜션리조트,,,,,,,,
629,2012-07-26,1,영업/정상,영업중,,,경상북도 포항시 북구 청하면 이가리 556-1,네이처 풀빌라,,,,,,,,
630,2012-08-06,1,영업/정상,영업중,,261-1600,경상북도 포항시 북구 청하면 청진리 65-1번지,씨 캐슬,,,,,,,,
631,2015-12-04,1,영업/정상,영업중,,,경상북도 포항시 남구 호미곶면 강사리,다모디,,,,,,,,
632,2016-11-30,1,영업/정상,영업중,,054-249-3000,경상북도 포항시 북구 송라면 광천리 491-1번지,송라 아쿠아,,,,,,,,
633,2018-08-31,1,영업/정상,영업중,,,인천광역시 옹진군 영흥면 내리 738-5 자연의집 펜션,네이쳐펜션,,,,,,,,
634,2011-05-27,1,영업/정상,영업중,,033-671-8383,강원도 양양군 강현면 회룡리 347번지,우드힐,,,,,,,,
635,2011-09-16,1,영업/정상,영업중,,033-673-1253,강원도 양양군 서면 내현리 30-14번지,지중해 풀빌라,,,,,,,,
636,2012-04-04,1,영업/정상,영업중,,033-671-8494,강원도 양양군 강현면 하복리 491,리틀포레스트,,,,,,,,
637,2013-05-28,1,영업/정상,영업중,,336722525,강원도 양양군 강현면 물갑리 254-5,몬띠마르 펜션,,,,,,,,
638,2017-04-17,1,영업/정상,영업중,,,강원도 양양군 손양면 수산리 6번지,요트랑,,,,,,,,
639,2018-01-16,1,영업/정상,영업중,,,강원도 양양군 양양읍 거마리 356번지,스테이비욘드,,,,,,,,
640,2007-07-19,1,영업/정상,영업중,,033-673-9111,강원도 양양군 현북면 중광정리 121-4번지,바다에서 떠오르는 해(본관),,,,,,,,
641,2008-04-29,1,영업/정상,영업중,,033-673-1442,강원도 양양군 현북면 중광정리 121-4번지,바다에서 떠오르는 해(별관),,,,,,,,
642,2010-08-10,1,영업/정상,영업중,,033-672-7090,강원도 양양군 현북면 하광정리 638-5,골든베이,,,,,,,,
643,2018-08-27,1,영업/정상,영업중,,,전라북도 무주군 무풍면 삼거리 127-11번지,문리버,,,,,,,,
644,2020-03-19,1,영업/정상,영업중,,,경상남도 남해군 미조면 송정리 550-3번지,바다풍경펜션도시어부,,,,,,,,
645,2020-03-30,1,영업/정상,영업중,,061-853-5486,전라남도 보성군 회천면 벽교리 520-32번지,은성펜션,,,,,,,,
646,2020-04-06,1,영업/정상,영업중,,,경기도 용인시 처인구 원삼면 목신리 375-3,김미화마을,,,,,,,,
647,2020-04-07,1,영업/정상,영업중,,,경상남도 통영시 산양읍 신전리 173-1번지,펜션 씨앤씨,,,,,,,,
648,2020-04-08,1,영업/정상,영업중,,,전라남도 해남군 화원면 영호리 2-14번지,아이엠펜션,,,,,,,,
649,2020-04-21,1,영업/정상,영업중,,,전라남도 신안군 압해읍 복룡리 147번지 아름다운펜션,아름다운펜션,,,,,,,,
650,2020-04-03,1,영업/정상,영업중,,,경상북도 포항시 북구 송라면 방석리 100번지,프레젠트 포항 펜션,,,,,,,,
651,2020-04-03,1,영업/정상,영업중,,,경상북도 포항시 북구 송라면 방석리 100번지,프레젠트 100 펜션,,,,,,,,
652,2020-04-03,1,영업/정상,영업중,,,경상북도 포항시 북구 송라면 방석리 100번지,포항 펜션 프레젠트,,,,,,,,
653,2020-04-03,1,영업/정상,영업중,,,경상북도 포항시 북구 송라면 방석리 100번지,포항 풀빌라 프레젠트,,,,,,,,
654,2020-06-01,1,영업/정상,영업중,,055-633-1351,경상남도 거제시 남부면 갈곶리 80-15번지 해금강휴게소,해금강하우스,,,,,,,,
655,2020-06-02,1,영업/정상,영업중,,041-931-0003,충청남도 보령시 신흑동 2257-1번지,화이트펜션,,,,,,,,
656,2020-04-14,1,영업/정상,영업중,,,"경상남도 통영시 광도면 덕포리 874번지 4,5,6동",통영구가네펜션,,,,,,,,
657,2020-04-14,1,영업/정상,영업중,,,경상남도 통영시 평림동 985번지 가동,자연인관광펜션,,,,,,,,
658,2020-05-25,1,영업/정상,영업중,,,강원도 원주시 판부면 금대리 1298,또아리하우스,,,,,,,,
659,2021-11-30,1,영업/정상,영업중,,,전라남도 완도군 금일읍 동백리 102-1,코로나펜션,,,,,,,,
660,2021-10-13,1,영업/정상,영업중,,,강원도 춘천시 서면 월송리 770-7,포레스트문,,,,,,,,
661,2021-11-15,1,영업/정상,영업중,,,강원도 강릉시 저동 42-6,까미경포펜션,,,,,,,,
662,2021-11-15,1,영업/정상,영업중,,,강원도 강릉시 저동 42-23,발리경포펜션,,,,,,,,
663,2021-10-22,1,영업/정상,영업중,,,전라남도 곡성군 죽곡면 하한리 977-4,화이트빌리지,,,,,,,,
664,2021-10-27,1,영업/정상,영업중,,,전라남도 고흥군 영남면 우천리 120,Obed Edom,,,,,,,,
665,2021-10-19,1,영업/정상,영업중,,1577-5948,경기도 양평군 단월면 산음리 856-2,빌리리조트,,,,,,,,
666,2021-10-21,1,영업/정상,영업중,,615527288,전라남도 완도군 신지면 신리 992-9,완도곰,,,,,,,,
667,2021-12-02,1,영업/정상,영업중,,,인천광역시 옹진군 영흥면 내리 1527-62,블랙트리하우스,,,,,,,,
668,2021-09-30,1,영업/정상,영업중,,055-855-1700,경상남도 사천시 서포면 비토리 산 43-4,시엘로,,,,,,,,
669,2021-11-11,1,영업/정상,영업중,,,경기도 화성시 서신면 제부리 190-29,여행스케치 B,,,,,,,,
670,2021-09-30,1,영업/정상,영업중,,,강원도 고성군 죽왕면 문암진리 364-23,더솔펜션,,,,,,,,
671,2021-11-04,1,영업/정상,영업중,,,경상북도 경주시 구정동 278-4,GRIMM(그림),,,,,,,,
672,2021-09-30,1,영업/정상,영업중,,,강원도 원주시 지정면 판대리 39-3,지니의 캠프,,,,,,,,
673,2023-03-06,1,영업/정상,영업중,,,경상남도 통영시 도산면 법송리 175-3,원탑,,,,,,,,
674,2023-03-06,1,영업/정상,영업중,,,강원도 횡성군 갑천면 삼거리 101-2,힐 스프링,,,,,,,,
675,2023-02-14,1,영업/정상,영업중,,,강원도 고성군 토성면 성대리 215-20,스테이 앤 다이닝 산,,,,,,,,
676,2023-03-30,1,영업/정상,영업중,,,강원도 영월군 주천면 신일리 901,몽상가의 정원,,,,,,,,
677,2023-03-23,1,영업/정상,영업중,,,경상남도 통영시 산양읍 남평리 294,야소디디,,,,,,,,
678,2023-03-30,1,영업/정상,영업중,,,경상북도 안동시 풍산읍 회곡리 755-3,더담다,,,,,,,,
679,2023-03-29,1,영업/정상,영업중,,,부산광역시 해운대구 중동 1021-3,물고기 미포,,,,,,,,
680,2023-02-10,1,영업/정상,영업중,,,전라남도 고흥군 동일면 덕흥리 산 124-6,나로인별빛,,,,,,,,
681,2023-03-16,1,영업/정상,영업중,,,경기도 가평군 상면 행현리 644,레이키푸이스토키즈리조트(Leikkipuisto),,,,,,,,
682,2023-03-03,1,영업/정상,영업중,,,충청북도 단양군 대강면 사인암리 18-2,비비아나 펜션,,,,,,,,
683,2023-02-16,1,영업/정상,영업중,,,강원도 강릉시 연곡면 삼산리 706,행복이 가득한 집,,,,,,,,
684,2023-03-03,1,영업/정상,영업중,,,경상북도 청도군 청도읍 거연리 794,오례,,,,,,,,
685,2023-03-17,1,영업/정상,영업중,,,경기도 가평군 청평면 대성리 406-1,지니키즈독채풀빌라,,,,,,,,
686,2023-03-28,1,영업/정상,영업중,,,경기도 가평군 조종면 운악리 417-10,하루키즈풀빌라,,,,,,,,
687,2023-03-28,1,영업/정상,영업중,,,충청남도 금산군 금산읍 상옥리 183-2,한옥1954,,,,,,,,
688,2023-03-28,1,영업/정상,영업중,,,경상남도 통영시 도산면 오륜리 549-4,통영더휴 B,,,,,,,,
689,2023-03-28,1,영업/정상,영업중,,,경상남도 통영시 도산면 오륜리 549-1,통영더휴 A,,,,,,,,
690,2023-02-07,1,영업/정상,영업중,,,경상북도 경주시 감포읍 노동리 553-4,지중서원,,,,,,,,
691,2023-03-29,1,영업/정상,영업중,,,충청북도 제천시 봉양읍 옥전리 58-13,미소가든펜션,,,,,,,,
692,2023-02-24,1,영업/정상,영업중,,,인천광역시 강화군 길상면 선두리 1049-12,노하,,,,,,,,
693,2023-03-22,1,영업/정상,영업중,,,강원도 강릉시 사천면 판교리 514-4,고심스테이,,,,,,,,
694,2023-02-17,1,영업/정상,영업중,,,인천광역시 옹진군 영흥면 내리 1624,메종 드 아일랜드,,,,,,,,
695,2023-02-03,1,영업/정상,영업중,,,경상남도 거제시 거제면 외간리 636-38 주8동,오션스테이8,,,,,,,,
696,2023-02-03,1,영업/정상,영업중,,,경상남도 거제시 거제면 외간리 636-35 주5동,오션스테이6,,,,,,,,
697,2023-02-03,1,영업/정상,영업중,,,경상남도 거제시 거제면 외간리 636-37 주7동,오션스테이7,,,,,,,,
698,2010-03-19,1,영업/정상,영업중,,055-867-8488,경상남도 남해군 창선면 동대리 244-1번지 남해관광펜션,남해관광펜션,,,,,,,,
699,2016-04-20,1,영업/정상,영업중,,,경상남도 남해군 서면 서상리 1151번지,더뷰 1151 풀빌라,,,,,,,,
700,2017-07-28,1,영업/정상,영업중,,,경상남도 남해군 삼동면 동천리 307-4번지,펜션 블루스톤,,,,,,,,
701,2018-02-22,1,영업/정상,영업중,,,경상남도 남해군 서면 서상리 1151-1번지,더뷰1151,,,,,,,,
702,2018-05-10,1,영업/정상,영업중,,055-863-5900,경상남도 남해군 남면 홍현리 268-1번지,파인트리리조트,,,,,,,,
703,2018-07-04,1,영업/정상,영업중,,,경상남도 남해군 남면 홍현리 196번지,상상속의 펜션,,,,,,,,
704,2018-07-04,1,영업/정상,영업중,,,경상남도 남해군 남면 홍현리 196번지,남해커플,,,,,,,,
705,2018-07-10,1,영업/정상,영업중,,,경상남도 남해군 남면 평산리 1079번지,품다 하나,,,,,,,,
706,2018-07-11,1,영업/정상,영업중,,,경상남도 남해군 남면 평산리 1070번지,씨앤뷰,,,,,,,,
707,2018-07-24,1,영업/정상,영업중,,,경상남도 남해군 남면 평산리 1067번지,모던스파,,,,,,,,
708,2017-08-01,1,영업/정상,영업중,,,경상남도 거제시 일운면 소동리 146-1번지,나무향기펜션,,,,,,,,
709,2017-12-27,1,영업/정상,영업중,,,경상남도 거제시 일운면 망치리 731-4번지,거제파인트리펜션,,,,,,,,
710,2017-08-01,1,영업/정상,영업중,,,경상남도 거제시 장목면 시방리 301-10번지,로제스(A)펜션,,,,,,,,
711,2018-06-01,1,영업/정상,영업중,,,경상남도 거제시 하청면 연구리 410-2번지,큐브아일랜드,,,,,,,,
712,2018-06-01,1,영업/정상,영업중,,,경상남도 거제시 하청면 연구리 412-1번지,큐브스테이,,,,,,,,
713,2014-12-19,1,영업/정상,영업중,,,경상남도 사천시 서포면 비토리 산 9-77,토끼와거북이,,,,,,,,
714,2015-05-19,1,영업/정상,영업중,,055-835-0057,경상남도 사천시 신수동 334-3,힐링에피소드펜션,,,,,,,,
715,2015-07-30,1,영업/정상,영업중,,055-855-7171,경상남도 사천시 서포면 비토리 산 9-43,별주부관광팬션,,,,,,,,
716,2016-09-05,1,영업/정상,영업중,,,경상남도 사천시 서포면 비토리 264-3,바다정원펜션,,,,,,,,
717,2013-12-02,1,영업/정상,영업중,,055-643-5690,경상남도 통영시 산양읍 신전리 289-2번지,모나미펜션,,,,,,,,
718,2014-10-28,1,영업/정상,영업중,,,경상남도 통영시 도산면 수월리 1267-1,마레미오 커플가족&오션뷰펜션,,,,,,,,
719,2014-12-04,1,영업/정상,영업중,,055-641-7899,경상남도 통영시 용남면 화삼리 2번지,하니스파펜션,,,,,,,,
720,2016-07-01,1,영업/정상,영업중,,,경상남도 통영시 산양읍 영운리 404-3번지,다온펜션,,,,,,,,
721,2016-08-17,1,영업/정상,영업중,,,경상남도 통영시 산양읍 미남리 457-3번지,가온누리,,,,,,,,
722,2016-10-26,1,영업/정상,영업중,,,경상남도 통영시 인평동 1266번지,쉐이리코타키나,,,,,,,,
723,2018-06-05,1,영업/정상,영업중,,,경상남도 통영시 도산면 수월리 178번지,SWICTH,,,,,,,,
724,2018-06-11,1,영업/정상,영업중,,,경상남도 통영시 평림동 635번지,성주산성,,,,,,,,
725,2018-07-23,1,영업/정상,영업중,,,강원도 화천군 화천읍 중리 98-5번지,라포레 98 B,,,,,,,,
726,2018-07-23,1,영업/정상,영업중,,,강원도 화천군 화천읍 중리 98-5번지,라포레 98 A,,,,,,,,
727,2006-02-01,1,영업/정상,영업중,,,강원도 평창군 봉평면 유포리 227-3번지,솔섬마을 관광펜션,,,,,,,,
728,2006-12-13,1,영업/정상,영업중,,033-336-1771,강원도 평창군 봉평면 원길리 1041-1번지,붓꽃섬 관광펜션,,,,,,,,
729,2008-01-10,1,영업/정상,영업중,,,강원도 평창군 봉평면 평촌리 550-1번지,베리온리조트,,,,,,,,
730,2008-04-29,1,영업/정상,영업중,,332-7778,강원도 평창군 방림면 계촌리 2228-2번지,그랑샤리오,,,,,,,,
731,2009-03-26,1,영업/정상,영업중,,033-336-0412,강원도 평창군 진부면 상월오개리 404번지 1통,체르맛트,,,,,,,,
732,2012-08-06,1,영업/정상,영업중,,033-335-8001,강원도 평창군 봉평면 평촌리 550-2번지,베리온리조트2,,,,,,,,
733,2013-06-15,1,영업/정상,영업중,,033-433-5171,강원도 홍천군 화촌면 군업리 959번지,강변통나무펜션,,,,,,,,
734,2017-10-20,1,영업/정상,영업중,,,강원도 홍천군 서석면 어론리 886-3번지,우노하우스2,,,,,,,,
735,2015-05-28,1,영업/정상,영업중,,,강원도 홍천군 서면 대곡리 1040-1,마이웨이 비발디 관광펜션,,,,,,,,
736,2016-06-02,1,영업/정상,영업중,,,강원도 홍천군 동면 덕치리 267-4번지,펜션21,,,,,,,,
737,2016-08-19,1,영업/정상,영업중,,,강원도 홍천군 서면 대곡리 1028-12,다인펜션,,,,,,,,
738,2012-07-30,1,영업/정상,영업중,,033-436-8300,강원도 홍천군 화촌면 군업리 884,소토보체,,,,,,,,
739,2005-01-12,1,영업/정상,영업중,,,강원도 강릉시 연곡면 삼산리 141번지,마운틴밸리관광펜션,,,,,,,,
740,2010-11-03,1,영업/정상,영업중,,033-660-5000,강원도 강릉시 연곡면 삼산리 95번지,힐스파이브 관광펜션,,,,,,,,
741,2015-06-11,1,영업/정상,영업중,,,강원도 강릉시 안현동 348-3,르샤트리,,,,,,,,
742,2013-11-07,1,영업/정상,영업중,,,강원도 고성군 토성면 천진리 105,천진낭만,,,,,,,,
743,2013-12-19,1,영업/정상,영업중,,,강원도 고성군 토성면 청간리,까사델아야,,,,,,,,
744,2018-02-28,1,영업/정상,영업중,,,강원도 고성군 토성면 아야진리 181-4번지,아야진 펜션 어울다,,,,,,,,
745,2018-03-19,1,영업/정상,영업중,,,강원도 고성군 간성읍 동호리 308-3,누볼라 풀빌라,,,,,,,,
746,2020-08-03,1,영업/정상,영업중,,,경상북도 안동시 와룡면 중가구리 435-2,톰소여의 모험,,,,,,,,
747,2020-06-22,1,영업/정상,영업중,,,전라북도 무주군 설천면 삼공리 373-19번지,덕유산 뜰 펜션,,,,,,,,
748,2020-06-29,1,영업/정상,영업중,,,강원도 춘천시 남산면 서천리 524-6,2020스파엔 풀빌라,,,,,,,,
749,2020-07-03,1,영업/정상,영업중,,061-857-3450,전라남도 보성군 벌교읍 장양리 565-5,벌교펜션민박,,,,,,,,
750,2020-07-29,1,영업/정상,영업중,,,경기도 양평군 옥천면 신복리 703-76,보물집,,,,,,,,
751,2020-08-14,1,영업/정상,영업중,,,경상북도 경주시 하동 836-16,페리토,,,,,,,,
752,2020-08-07,1,영업/정상,영업중,,,경기도 화성시 서신면 제부리 190-102,아띠펜션,,,,,,,,
753,2020-08-07,1,영업/정상,영업중,,,충청남도 보령시 신흑동 2306-10,더 플라야(the PLAYA),,,,,,,,
754,2020-07-20,1,영업/정상,영업중,,,경상북도 포항시 남구 호미곶면 대보리 1-12,비다펠리즈,,,,,,,,
755,2020-07-22,1,영업/정상,영업중,,,경상남도 통영시 산양읍 신전리 173-4,통영바라봄펜션,,,,,,,,
756,2020-07-30,1,영업/정상,영업중,,,강원도 양양군 현북면 하광정리 596-7,탄비치,,,,,,,,
757,2020-08-12,1,영업/정상,영업중,,,경기도 화성시 서신면 제부리 79-1 (제부리 79-5),리멤버8펜션,,,,,,,,
758,2021-07-23,1,영업/정상,영업중,,,충청남도 청양군 대치면 광대리 270-3,콩매아,,,,,,,,
759,2021-04-30,1,영업/정상,영업중,,,경상북도 영덕군 병곡면 백석리 473-6,블루베이펜션,,,,,,,,
760,2021-07-21,1,영업/정상,영업중,,,경상북도 경주시 외동읍 신계리 740-7,리포소,,,,,,,,
761,2021-09-02,1,영업/정상,영업중,,,전라북도 군산시 옥도면 선유도리 353,선유도 씨에스타펜션,,,,,,,,
762,2021-08-27,1,영업/정상,영업중,,,경상남도 남해군 남면 평산리 1004,팰리스1470,,,,,,,,
763,2018-12-28,1,영업/정상,영업중,,,전라남도 진도군 의신면 금갑리 478,진도한옥펜션,,,,,,,,
764,2021-09-01,1,영업/정상,영업중,,,경상북도 포항시 남구 호미곶면 구만리 3-3,스타스케이프,,,,,,,,
765,2021-09-01,1,영업/정상,영업중,,,경상북도 포항시 남구 호미곶면 구만리 3,(주)은호,,,,,,,,
766,2022-11-20,1,영업/정상,영업중,,,경상북도 경주시 외동읍 신계리 921-2,어나더원,,,,,,,,
767,2023-01-13,1,영업/정상,영업중,,,전라남도 무안군 청계면 구로리 669,쓰리에스(유),,,,,,,,
768,2023-01-16,1,영업/정상,영업중,,,전라남도 강진군 성전면 월남리 725-1,자연이좋은사람들,,,,,,,,
769,2023-01-16,1,영업/정상,영업중,,,경상북도 영덕군 강구면 하저리 10-2,일화수펜션,,,,,,,,
770,2022-12-21,1,영업/정상,영업중,,,경상남도 남해군 남면 홍현리 366-1,미류,,,,,,,,
771,2023-01-18,1,영업/정상,영업중,,,충청남도 서산시 음암면 탑곡리 864-19,하얀그림정원 풀빌라,,,,,,,,
772,2022-12-13,1,영업/정상,영업중,,061-392-2300,전라남도 장성군 북하면 쌍웅리 237-16,백양휴블리제풀빌라,,,,,,,,
773,2022-12-13,1,영업/정상,영업중,,,경기도 가평군 조종면 상판리 120-5,계곡에풍덩펜션캠핑장,,,,,,,,
774,2022-12-29,1,영업/정상,영업중,,,인천광역시 강화군 화도면 장화리 285-8 고벵이펜션,인천 강화 고벵이 오션뷰 온수수영장 애견동반 풀빌라 펜션,,,,,,,,
775,2022-12-22,1,영업/정상,영업중,,,경상남도 사천시 서포면 비토리 264-5,해피비해피,,,,,,,,
776,2022-11-16,1,영업/정상,영업중,,,경상북도 경주시 양남면 하서리 317,마리벨317 B,,,,,,,,
777,2022-11-16,1,영업/정상,영업중,,,경상북도 경주시 양남면 하서리 317,마리벨317 A,,,,,,,,
778,2022-11-16,1,영업/정상,영업중,,,경상북도 경주시 양남면 하서리 317-2,마리벨317 C동,,,,,,,,
779,2022-11-16,1,영업/정상,영업중,,,경상북도 경주시 외동읍 신계리 536,리스테이 연월,,,,,,,,
780,2022-12-06,1,영업/정상,영업중,,,경기도 이천시 모가면 양평리 215-5,십일월오일,,,,,,,,
781,2023-01-15,1,영업/정상,영업중,,,경기도 가평군 설악면 이천리 230-1,까사스위스2,,,,,,,,
782,2023-01-10,1,영업/정상,영업중,,,강원도 춘천시 남산면 서천리 624,위시 풀빌라펜션,,,,,,,,
783,2023-01-11,1,영업/정상,영업중,,,울산광역시 북구 구유동 167,구유스테이,,,,,,,,
784,2022-12-30,1,영업/정상,영업중,,,경상북도 울릉군 울릉읍 사동리 879-7,아라펜션,,,,,,,,
785,2021-05-25,1,영업/정상,영업중,,,전라남도 담양군 월산면 오성리 산 119,구르미펜션,,,,,,,,
786,2021-05-28,1,영업/정상,영업중,,,충청남도 논산시 벌곡면 양산리 298-1,별빛마루 펜션,,,,,,,,
787,2021-05-17,1,영업/정상,영업중,,,전라북도 무주군 설천면 심곡리 551-9,포유콘도,,,,,,,,
788,2021-05-11,1,영업/정상,영업중,,032-832-2797,인천광역시 옹진군 자월면 승봉리 604 바다로가는길목민박,바다로 가는 길목,,,,,,,,
789,2021-06-03,1,영업/정상,영업중,,,경상남도 통영시 산양읍 연화리 41,웨스트사이드,,,,,,,,
790,2021-04-26,1,영업/정상,영업중,,061-453-3645,전라남도 무안군 해제면 창매리 858-1,무안한옥리조트,,,,,,,,
791,2021-05-04,1,영업/정상,영업중,,,전라남도 고흥군 금산면 신촌리 1246,거금아일랜드펜션,,,,,,,,
792,2021-04-30,1,영업/정상,영업중,,,강원도 홍천군 서면 굴업리 312,오캄럭스클럽H,,,,,,,,
793,2021-05-20,1,영업/정상,영업중,,063-584-5000,전라북도 부안군 변산면 격포리 282-24,라벤더펜션,,,,,,,,
794,2021-06-10,1,영업/정상,영업중,,,강원도 강릉시 초당동 316,초당하우스,,,,,,,,
795,2021-06-10,1,영업/정상,영업중,,,전라북도 군산시 옥도면 선유도리 25 망주봉 산장,망주봉산장 관광펜션,,,,,,,,
796,2021-07-02,1,영업/정상,영업중,,,경상남도 남해군 창선면 부윤리 71-11,비마이아일랜드,,,,,,,,
797,2021-06-18,1,영업/정상,영업중,,,전라북도 무주군 설천면 삼공리 530-1,다숲펜션,,,,,,,,
798,2021-06-01,1,영업/정상,영업중,,,경상남도 거제시 하청면 석포리 348,덕이네,,,,,,,,
799,2021-06-11,1,영업/정상,영업중,,,강원도 속초시 도문동 663-1,설악스카이,,,,,,,,
800,2014-11-10,1,영업/정상,영업중,,055)974-0344,경상남도 산청군 신안면 외송리 1052,참조은펜션,,,,,,,,
801,2004-08-02,1,영업/정상,영업중,,055-352-4300,경상남도 밀양시 단장면 고례리 1549-4번지,"물안개 피는 마을,들꽃향기",,,,,,,,
802,2007-09-11,1,영업/정상,영업중,,055-351-0082,경상남도 밀양시 단장면 범도리 850번지,밀양관광펜션 아름드리,,,,,,,,
803,2017-01-20,1,영업/정상,영업중,,,경상남도 고성군 삼산면 장치리 586-1,수성그린비,,,,,,,,
804,2005-10-27,1,영업/정상,영업중,,055-681-6867,경상남도 거제시 일운면 와현리 611번지,풍차언덕관광펜션,,,,,,,,
805,2005-12-30,1,영업/정상,영업중,,055-681-0521,경상남도 거제시 일운면 구조라리 781-2번지,윤들펜션,,,,,,,,
806,2006-08-07,1,영업/정상,영업중,,,경상남도 거제시 일운면 구조라리 420-2,바다그린(BADAGREEN),,,,,,,,
807,2007-03-08,1,영업/정상,영업중,,867-2253,경상남도 남해군 미조면 송정리 304-4번지,프랑스리조트,,,,,,,,
808,2008-11-14,1,영업/정상,영업중,,055-863-2933,경상남도 남해군 서면 작장리 682-2번지 펜션남해스토리,펜션남해스토리,,,,,,,,
809,2010-03-19,1,영업/정상,영업중,,,경상남도 남해군 창선면 서대리 477-2,시아도펜션,,,,,,,,
810,2018-03-28,1,영업/정상,영업중,,031-985-4312,경기도 김포시 월곶면 성동리 169-1번지,문수산 펜션,,,,,,,,
811,2018-09-28,1,영업/정상,영업중,,,충청남도 공주시 사곡면 고당리 262-3,공주소풍관광펜션,,,,,,,,
812,2018-09-28,1,영업/정상,영업중,,,충청남도 공주시 사곡면 고당리 262-6번지,공주알프스관광펜션,,,,,,,,
813,2018-09-12,1,영업/정상,영업중,,,전라남도 영암군 영암읍 개신리 319-6번지,별이랑펜션,,,,,,,,
814,2018-09-12,1,영업/정상,영업중,,,전라남도 영암군 영암읍 회문리 21-3번지 영암펜션,영암펜션,,,,,,,,
815,2018-09-08,1,영업/정상,영업중,,,충청남도 태안군 안면읍 승언리 1332번지,해비알,,,,,,,,
816,2018-09-28,1,영업/정상,영업중,,,충청남도 공주시 사곡면 고당리 300-1번지,굿모닝 관광펜션,,,,,,,,
817,2020-09-10,1,영업/정상,영업중,,,강원도 춘천시 서면 신매리 67-8,리버스토리 1210,,,,,,,,
818,2020-09-14,1,영업/정상,영업중,,,강원도 강릉시 사천면 사천진리 192-5,하하스테이,,,,,,,,
819,2020-09-22,1,영업/정상,영업중,,,경상남도 거제시 동부면 율포리 811-1,리을2,,,,,,,,
820,2020-10-20,1,영업/정상,영업중,,,충청남도 태안군 남면 신온리 833-168,골든웨이브 관광펜션,,,,,,,,
821,2020-10-20,1,영업/정상,영업중,,,충청남도 태안군 남면 몽산리 603-12,엘플레이트 풀빌라,,,,,,,,
822,2020-10-26,1,영업/정상,영업중,,,전라북도 무주군 설천면 심곡리 617-1,장미펜션,,,,,,,,
823,2020-10-26,1,영업/정상,영업중,,,전라북도 무주군 설천면 삼공리 810-3,양지 뜰 펜션,,,,,,,,
824,2020-10-26,1,영업/정상,영업중,,,전라북도 무주군 설천면 심곡리 738-1,라이프 펜션,,,,,,,,
825,2020-11-03,1,영업/정상,영업중,,,경상남도 합천군 용주면 가호리 328-2,(주)블룸엑스네트워크코리아,,,,,,,,
826,2020-11-16,1,영업/정상,영업중,,,충청남도 태안군 소원면 모항리 829-3,라운지14,,,,,,,,
827,2022-10-13,1,영업/정상,영업중,,,경기도 남양주시 오남읍 팔현리 249-1,마실,,,,,,,,
828,2022-09-26,1,영업/정상,영업중,,,경상남도 통영시 사량면 금평리 1097-7,통영엘피스36오션뷰풀빌라펜션,,,,,,,,
829,2022-11-09,1,영업/정상,영업중,,,강원도 삼척시 근덕면 용화리 14-18 스테이용화,스테이용화,,,,,,,,
830,2022-10-11,1,영업/정상,영업중,,,전라북도 진안군 부귀면 봉암리 330-3,동몽원,,,,,,,,
831,2022-11-04,1,영업/정상,영업중,,,전라남도 화순군 동면 경치리 472,어흥스테이,,,,,,,,
832,2022-11-04,1,영업/정상,영업중,,,경상남도 남해군 이동면 화계리 638,스튜디오인남해,,,,,,,,
833,2022-11-03,1,영업/정상,영업중,,,전라남도 진도군 진도읍 산월리 631-12,410민박,,,,,,,,
834,2022-10-06,1,영업/정상,영업중,,,경상북도 영덕군 영덕읍 대부리 106-1,리브포레스트 풀빌라,,,,,,,,
835,2022-09-05,1,영업/정상,영업중,,,경상북도 경주시 구정동 278-6,윤스토리,,,,,,,,
836,2022-09-15,1,영업/정상,영업중,,,경상북도 문경시 마성면 신현리 110-9,문경민박 13월의 아침,,,,,,,,
837,2022-09-18,1,영업/정상,영업중,,,경상북도 문경시 마성면 신현리 110-13,문경민박 13월의 아침2,,,,,,,,
838,2022-10-20,1,영업/정상,영업중,,,경상남도 사천시 서포면 비토리 264-4,비토섬 풀빌라,,,,,,,,
839,2022-10-24,1,영업/정상,영업중,,,경상북도 칠곡군 동명면 기성리 807,에스에스(SS),,,,,,,,
840,2022-11-09,1,영업/정상,영업중,,,강원도 홍천군 북방면 노일리 736,빌리지 736,,,,,,,,
841,2022-11-09,1,영업/정상,영업중,,,강원도 홍천군 북방면 노일리 736-1,빌리지 736-1,,,,,,,,
842,2021-04-12,1,영업/정상,영업중,,,충청남도 태안군 안면읍 황도리 69,바다N,,,,,,,,
843,2021-04-12,1,영업/정상,영업중,,,인천광역시 강화군 길상면 선두리 1032-24 해밀카페,해밀펜션,,,,,,,,
844,2021-04-12,1,영업/정상,영업중,,,인천광역시 강화군 화도면 여차리 931-2 나눔펜션,나눔펜션,,,,,,,,
845,2021-03-14,1,영업/정상,영업중,,,충청남도 공주시 무릉동 462,공주무릉펜션,,,,,,,,
846,2021-03-08,1,영업/정상,영업중,,,전라남도 구례군 토지면 외곡리 159-4,지리산 시크릿 가든,,,,,,,,
847,2021-04-23,1,영업/정상,영업중,,,경상북도 문경시 문경읍 상초리 324-7,새재마당바위,,,,,,,,
848,2021-02-17,1,영업/정상,영업중,,055-648-9090,경상남도 통영시 산양읍 남평리 1284-3,아토펜션민박,,,,,,,,
849,2021-02-15,1,영업/정상,영업중,,,경상남도 거창군 위천면 장기리 140,거창서핑파크,,,,,,,,
850,2021-03-16,1,영업/정상,영업중,,,충청남도 공주시 유구읍 연종리 88,은적자연관광농원,,,,,,,,
851,2021-03-16,1,영업/정상,영업중,,,경상남도 남해군 남면 당항리 32,남해라운지32,,,,,,,,
852,2021-02-04,1,영업/정상,영업중,,,강원도 평창군 평창읍 후평리 376-4 청성애원,청성펜션,,,,,,,,
853,2021-04-05,1,영업/정상,영업중,,,인천광역시 강화군 화도면 장화리 485-3,에떼르모,,,,,,,,
854,2021-04-05,1,영업/정상,영업중,,,인천광역시 강화군 화도면 장화리 485-18,동그라미펜션,,,,,,,,
855,2021-04-01,1,영업/정상,영업중,,,전라남도 보성군 회천면 군농리 1092-3,플라밍고,,,,,,,,
856,2021-04-01,1,영업/정상,영업중,,,전라남도 보성군 회천면 군농리 1092-2,빛그린민박,,,,,,,,
857,2021-04-01,1,영업/정상,영업중,,,전라남도 보성군 회천면 군농리 1092-4,달,,,,,,,,
858,2021-03-18,1,영업/정상,영업중,,,경상북도 청도군 화양읍 교촌리 228,라라랜드,,,,,,,,
859,2021-03-18,1,영업/정상,영업중,,,경상북도 문경시 불정동 312,불정자연휴양림 황토펜션,,,,,,,,
860,2021-03-19,1,영업/정상,영업중,,,충청북도 제천시 청풍면 북진리 322,"펜션, 호반의 성",,,,,,,,
861,2021-03-26,1,영업/정상,영업중,,,경상북도 경주시 마동 545-1,청춘한옥,,,,,,,,
862,2021-03-26,1,영업/정상,영업중,,,경상북도 경주시 마동 545-1,청춘한옥풀빌라,,,,,,,,
863,2021-04-20,1,영업/정상,영업중,,,부산광역시 기장군 기장읍 시랑리 691-6,메종펜션,,,,,,,,
864,2016-12-20,1,영업/정상,영업중,,,경기도 남양주시 오남읍 오남리 23-12번지,(주)레이나 컴퍼니,,,,,,,,
865,2005-08-17,1,영업/정상,영업중,,031-584-6663,경기도 가평군 청평면 호명리 339-6,메종드발리 관광펜션,,,,,,,,
866,2006-10-16,1,영업/정상,영업중,,031-584-9170,경기도 가평군 청평면 고성리 717,캐슬레이크펜션,,,,,,,,
867,2010-08-05,1,영업/정상,영업중,,031-585-7027,경기도 가평군 조종면 상판리 147,가평펜션 타샤의정원,,,,,,,,
868,2012-09-04,1,영업/정상,영업중,,031-581-8346,경기도 가평군 청평면 상천리 129 4동 2층,숲향,,,,,,,,
869,2012-10-11,1,영업/정상,영업중,,031-585-7959,경기도 가평군 설악면 회곡리 247-1,아르노펜션,,,,,,,,
870,2017-03-09,1,영업/정상,영업중,,031-581-8188,경기도 가평군 가평읍 두밀리 129-1,유기원,,,,,,,,
871,2017-09-14,1,영업/정상,영업중,,,경기도 가평군 청평면 호명리 339-3,그레이트캠프 르푸앙(GREATCAMP Le Point),,,,,,,,
872,2018-01-19,1,영업/정상,영업중,,031-585-0634,경기도 가평군 설악면 가일리 226-5번지,옹달샘펜션,,,,,,,,
873,2018-08-02,1,영업/정상,영업중,,,전라북도 부안군 변산면 대항리 616-3,(주)가온리조트,,,,,,,,
874,2018-10-04,1,영업/정상,영업중,,,인천광역시 중구 중산동 1946-18 블루오션프라자,블루오션펜션,,,,,,,,
875,2018-10-26,1,영업/정상,영업중,,,충청남도 보령시 신흑동 2256-7번지,대천 체리 펜션,,,,,,,,
876,2018-10-08,1,영업/정상,영업중,,,경상남도 통영시 산양읍 풍화리 339-2번지,까사마레,,,,,,,,
877,2018-10-26,1,영업/정상,영업중,,,충청남도 태안군 안면읍 황도리 64-9번지,휴먼발리Ⅱ,,,,,,,,
878,2018-10-26,1,영업/정상,영업중,,,충청남도 태안군 안면읍 황도리 64-9번지,휴먼발리Ⅳ,,,,,,,,
879,2018-10-26,1,영업/정상,영업중,,,충청남도 태안군 안면읍 황도리 64-9번지,휴먼발리Ⅰ,,,,,,,,
880,2022-07-27,1,영업/정상,영업중,,,인천광역시 강화군 화도면 동막리 55-7,유플레이스,,,,,,,,
881,2022-08-10,1,영업/정상,영업중,,,강원도 홍천군 내면 율전리 1228,반디별 펜션,,,,,,,,
882,2022-08-10,1,영업/정상,영업중,,,충청남도 태안군 안면읍 승언리 2545,태안 알로하오에 애견풀빌라,,,,,,,,
883,2022-07-04,1,영업/정상,영업중,,,경상남도 남해군 남면 석교리 431,화가와 꽃,,,,,,,,
884,2022-08-18,1,영업/정상,영업중,,,경상북도 경주시 구정동 291-14 블리블리키즈풀빌라,블리 블리,,,,,,,,
885,2022-08-23,1,영업/정상,영업중,,763-0480,강원도 원주시 신림면 금창리 467-5,젤코바480,,,,,,,,
886,2022-07-07,1,영업/정상,영업중,,,전라남도 고흥군 영남면 우천리 571,돌담한옥펜션,,,,,,,,
887,2022-07-07,1,영업/정상,영업중,,,경상북도 문경시 가은읍 완장리 543,홈당골펜션,,,,,,,,
888,2022-07-07,1,영업/정상,영업중,,,경상북도 문경시 가은읍 원북리 378,맑은물펜션,,,,,,,,
889,2022-08-26,1,영업/정상,영업중,,,경기도 가평군 가평읍 복장리 422,디온,,,,,,,,
890,2022-08-26,1,영업/정상,영업중,,,경상북도 청도군 풍각면 수월리 195,루오스테이 수월,,,,,,,,
891,2022-08-03,1,영업/정상,영업중,,,강원도 강릉시 안현동 224-56,하쿠나마타타,,,,,,,,
892,2022-08-11,1,영업/정상,영업중,,,강원도 양구군 동면 원당리 130,별하펜션,,,,,,,,
893,2022-08-18,1,영업/정상,영업중,,,전라북도 무주군 설천면 소천리 1208,빌라드무주,,,,,,,,
894,2018-05-28,1,영업/정상,영업중,,,충청북도 충주시 수안보면 온천리 472번지 외 1필지,수안보관광펜션,,,,,,,,
895,2015-12-07,1,영업/정상,영업중,,043-644-1118,충청북도 제천시 한수면 송계리 106번지,월악산 별장펜션,,,,,,,,
896,2016-02-19,1,영업/정상,영업중,,043-422-6221,충청북도 단양군 가곡면 가대리 1127번지,가곡추억펜션,,,,,,,,
897,2012-07-02,1,영업/정상,영업중,,032-933-7711,인천광역시 강화군 삼산면 매음리 1055-2,한가라지,,,,,,,,
898,2015-04-07,1,영업/정상,영업중,,329378602,인천광역시 강화군 화도면 사기리,무무관광펜션,,,,,,,,
899,2015-11-18,1,영업/정상,영업중,,,인천광역시 강화군 화도면 동막리 165번지,라파엘,,,,,,,,
900,2016-12-27,1,영업/정상,영업중,,,인천광역시 강화군 화도면 동막리 산 125-1번지,랜드하우스,,,,,,,,
901,2017-03-27,1,영업/정상,영업중,,032-937-4871,인천광역시 강화군 화도면 동막리 184-1번지,썬댄스펜션,,,,,,,,
902,2018-01-03,1,영업/정상,영업중,,032-933-3500,인천광역시 강화군 화도면 동막리 66-30번지,바다요정,,,,,,,,
903,2004-07-15,1,영업/정상,영업중,,032-933-9290,인천광역시 강화군 삼산면 매음리 886-5번지,나무와 숲 석모도점,,,,,,,,
904,2007-06-15,1,영업/정상,영업중,,937-7707,인천광역시 강화군 화도면 사기리 514-3번지,하미양,,,,,,,,
905,2010-11-23,1,영업/정상,영업중,,,인천광역시 강화군 화도면 동막리 61-19번지,수랜드,,,,,,,,
906,2010-09-06,1,영업/정상,영업중,,055-884-3733,경상남도 하동군 금남면 중평리 835-1,벨라마레,,,,,,,,
907,2018-12-13,1,영업/정상,영업중,,,경기도 파주시 탄현면 축현리 137-1번지,테라카페테라펜션,,,,,,,,
908,2018-12-05,1,영업/정상,영업중,,054-732-0812,경상북도 영덕군 병곡면 병곡리 21번지,리조트코리아,,,,,,,,
909,2018-12-20,1,영업/정상,영업중,,,경상북도 경주시 감포읍 나정리 산 42-2번지,(주)에스지빌라앤호텔,,,,,,,,
910,2018-12-06,1,영업/정상,영업중,,,경상남도 거제시 일운면 구조라리 561-6번지,아라누리펜션,,,,,,,,
911,2018-12-07,1,영업/정상,영업중,,,강원도 홍천군 서면 굴업리 310-1번지,오캄럭스클럽 1단지,,,,,,,,
912,2018-12-07,1,영업/정상,영업중,,,강원도 홍천군 서면 굴업리 311-4,오캄럭스클럽 2단지,,,,,,,,
913,2018-12-07,1,영업/정상,영업중,,,강원도 홍천군 서면 굴업리 312-17,오캄럭스클럽 3단지,,,,,,,,
914,2020-11-27,1,영업/정상,영업중,,031-356-9977,경기도 화성시 서신면 제부리 41-17,바다마을펜션,,,,,,,,
915,2021-01-12,1,영업/정상,영업중,,,전라북도 무주군 설천면 심곡리 624-1,무주아일랜드펜션,,,,,,,,
916,2021-01-21,1,영업/정상,영업중,,,강원도 춘천시 신동면 증리 68,썸원스 페이지,,,,,,,,
917,2020-12-01,1,영업/정상,영업중,,,경기도 가평군 상면 행현리 805-4,하이몽,,,,,,,,
918,2022-05-02,1,영업/정상,영업중,,,경기도 양주시 장흥면 삼상리 174-1,일영랜드(주),,,,,,,,
919,2022-05-02,1,영업/정상,영업중,,,경상남도 남해군 남면 홍현리 1428,마루와아라,,,,,,,,
920,2022-06-14,1,영업/정상,영업중,,,경상남도 창원시 마산합포구 진동면 다구리 158-1,그리움,,,,,,,,
921,2022-06-15,1,영업/정상,영업중,,,강원도 춘천시 신북읍 용산리 341-3,산뜰,,,,,,,,
922,2022-05-13,1,영업/정상,영업중,,,전라남도 진도군 군내면 둔전리 1-36,진도민박,,,,,,,,
923,2022-05-31,1,영업/정상,영업중,,,경상북도 문경시 불정동 67,레일로드민박,,,,,,,,
924,2022-06-20,1,영업/정상,영업중,,,경상남도 남해군 남면 홍현리 1427,윤슬,,,,,,,,
925,2022-06-27,1,영업/정상,영업중,,,경기도 가평군 상면 상동리 187-3,애프터눈가든,,,,,,,,
926,2022-06-27,1,영업/정상,영업중,,,강원도 양양군 현남면 임호정리 71-7,스테이다정,,,,,,,,
927,2022-05-06,1,영업/정상,영업중,,,강원도 고성군 토성면 아야진리 206-3,리트리트숨,,,,,,,,
928,2022-05-09,1,영업/정상,영업중,,061-244-1131,전라남도 신안군 신의면 상태동리 275,청도펜션민박,,,,,,,,
929,2022-05-23,1,영업/정상,영업중,,,전라남도 여수시 화양면 용주리 481-20,호두121,,,,,,,,
930,2022-05-23,1,영업/정상,영업중,,,경상남도 하동군 화개면 탑리 539-8,콜라니티다,,,,,,,,
931,2022-04-28,1,영업/정상,영업중,,,강원도 강릉시 강동면 정동진리 524-1,스테이인터뷰,,,,,,,,
932,2010-11-30,4,취소/말소/만료/정지/중지,등록취소,,031-884-2512,경기도 여주시 북내면 운촌리 602-3번지,토방,,,,,,,,
933,2018-01-24,4,취소/말소/만료/정지/중지,지정취소,,,충청남도 태안군 남면 신온리 652-264번지,모켄풀빌라,,,,,,,,
934,2013-09-17,4,취소/말소/만료/정지/중지,지정취소,,,충청남도 태안군 남면 원청리,아리바다  (arribada),,,,,,,,
935,2011-10-28,4,취소/말소/만료/정지/중지,지정취소,,,충청남도 태안군 남면 신온리 652-280번지,모켄리조트,,,,,,,,
936,2010-07-21,4,취소/말소/만료/정지/중지,지정취소,,031-833-3322,경기도 연천군 왕징면 북삼리 225-7번지,클럽 플로라,,,,,,,,
937,2011-06-16,4,취소/말소/만료/정지/중지,지정취소,,722-5972,부산광역시 기장군 기장읍 대변리 433-3번지,하얀둥지도브,,,,,,,,
938,2012-06-27,4,취소/말소/만료/정지/중지,지정취소,,(063)322-3379,전라북도 무주군 설천면 삼공리 530-1번지,다숲펜션,,,,,,,,
939,2018-01-23,4,취소/말소/만료/정지/중지,지정취소,,,"전라북도 군산시 옥도면 대장도리 12 ,대장도리 10",섬마을풍경 관광펜션,,,,,,,,
940,2010-01-19,4,취소/말소/만료/정지/중지,지정취소,,,강원도 횡성군 둔내면 두원리 404-11,모던힐관광펜션,,,,,,,,
941,2010-02-04,4,취소/말소/만료/정지/중지,지정취소,,,강원도 횡성군 둔내면 두원리 404-11,모던힐관광펜션,,,,,,,,
942,2017-08-10,4,취소/말소/만료/정지/중지,지정취소,,,강원도 횡성군 둔내면 삽교리 1149-12번지,둔내자연휴양림로하스,,,,,,,,
943,2017-09-17,4,취소/말소/만료/정지/중지,지정취소,,,강원도 횡성군 둔내면 삽교리 1212번지,엔타운,,,,,,,,
944,2012-12-05,4,취소/말소/만료/정지/중지,지정취소,,,전라남도 함평군 해보면 광암리 393-9번지,여름나무,,,,,,,,
945,2011-12-15,4,취소/말소/만료/정지/중지,지정취소,,055-646-3331,경상남도 통영시 용남면 장평리 470,종이섬펜션,,,,,,,,
946,2015-01-06,4,취소/말소/만료/정지/중지,지정취소,,,울산광역시 울주군 서생면 대송리 25-12번지,하얀등대,,,,,,,,
947,2017-01-18,4,취소/말소/만료/정지/중지,지정취소,,,울산광역시 울주군 서생면 대송리 212번지,간절곶 팜 하우스 펜션,,,,,,,,
948,2015-12-29,4,취소/말소/만료/정지/중지,지정취소,,061-843-9615,전라남도 고흥군 금산면 신평리 277-9번지,해돌마루펜션,,,,,,,,
949,2007-12-05,4,취소/말소/만료/정지/중지,지정취소,,,강원도 정선군 화암면 몰운리 176-3번지,몽촌빌펜션,,,,,,,,
950,2017-09-01,4,취소/말소/만료/정지/중지,지정취소,,,강원도 삼척시 근덕면 용화리 204-3번지,바다스케치펜션,,,,,,,,
951,2016-08-08,4,취소/말소/만료/정지/중지,지정취소,,,강원도 삼척시 교동 459번지,숲속바다펜션,,,,,,,,
952,2017-07-20,4,취소/말소/만료/정지/중지,지정취소,,,강원도 삼척시 하장면 번천리 84-5번지,신선놀음펜션,,,,,,,,
953,2017-07-21,4,취소/말소/만료/정지/중지,지정취소,,,강원도 삼척시 교동 42번지,해파랑펜션,,,,,,,,
954,2017-07-27,4,취소/말소/만료/정지/중지,지정취소,,,강원도 삼척시 원덕읍 월천리 263-4번지,젤리피쉬펜션,,,,,,,,
955,2017-08-09,4,취소/말소/만료/정지/중지,지정취소,,,강원도 삼척시 근덕면 장호리 224-1번지,장호산호펜션,,,,,,,,
956,2017-08-09,4,취소/말소/만료/정지/중지,지정취소,,,강원도 삼척시 근덕면 장호리 212번지,굿모닝펜션,,,,,,,,
957,2017-08-31,4,취소/말소/만료/정지/중지,지정취소,,,강원도 삼척시 근덕면 장호리 185번지,무지개펜션,,,,,,,,
958,2017-09-01,4,취소/말소/만료/정지/중지,지정취소,,033-574-4488,강원도 삼척시 근덕면 장호리 185-4번지,어떤하루펜션,,,,,,,,
959,2004-12-14,4,취소/말소/만료/정지/중지,지정취소,,,강원도 양양군 강현면 장산리 515번지,초록바다 펜션,,,,,,,,
960,2010-06-03,4,취소/말소/만료/정지/중지,지정취소,,,강원도 양양군 서면 미천리 47-1번지,아리스파펜션,,,,,,,,
961,2011-04-05,4,취소/말소/만료/정지/중지,지정취소,,070-8286-3373,경상남도 양산시 원동면 선리 170-1번지,오픈하우스 B,,,,,,,,
962,2010-12-21,4,취소/말소/만료/정지/중지,지정취소,,,강원도 평창군 봉평면 흥정리 287번지,킴스카바나펜션,,,,,,,,
963,2004-08-16,4,취소/말소/만료/정지/중지,지정취소,,033-333-2626,강원도 평창군 봉평면 무이리 1143번지,관광펜션 레이,,,,,,,,
964,2004-05-12,4,취소/말소/만료/정지/중지,지정취소,,033-333-6333,강원도 평창군 평창읍 대하리 235-1번지,가마골 관광펜션,,,,,,,,
965,2004-12-07,4,취소/말소/만료/정지/중지,지정취소,,033-336-2231,강원도 평창군 봉평면 흥정리 339-4번지,몬티첼로2,,,,,,,,
966,2004-12-15,4,취소/말소/만료/정지/중지,지정취소,,033-335-7600,강원도 평창군 봉평면 흥정리 339번지,몬티첼로 관광펜션,,,,,,,,
967,2006-02-07,4,취소/말소/만료/정지/중지,지정취소,,033-333-2626,강원도 평창군 봉평면 무이리 1143번지,관광펜션 레이,,,,,,,,
968,2018-06-15,4,취소/말소/만료/정지/중지,지정취소,,,강원도 영월군 김삿갓면 주문리 101,하늘아래펜션,,,,,,,,
969,2020-07-17,4,취소/말소/만료/정지/중지,지정취소,,,부산광역시 기장군 일광읍 문동리 7-18,어썸펜션,,,,,,,,
970,2020-07-17,4,취소/말소/만료/정지/중지,지정취소,,,부산광역시 기장군 일광읍 문동리 7-6,씨앤트리,,,,,,,,
971,2020-07-17,4,취소/말소/만료/정지/중지,지정취소,,,부산광역시 기장군 일광읍 문동리 9-2,동펜션,,,,,,,,
972,2017-07-04,4,취소/말소/만료/정지/중지,지정취소,,,충청북도 충주시 수안보면 사문리 277번지,월악드림,,,,,,,,
973,2003-11-13,4,취소/말소/만료/정지/중지,지정취소,,043)421-5206,충청북도 단양군 가곡면 가대리 1139번지,한울관광펜션,,,,,,,,
974,2003-12-03,4,취소/말소/만료/정지/중지,지정취소,,(043)422-6221,충청북도 단양군 가곡면 가대리 1126번지,추억을선물하는집관광펜션,,,,,,,,
975,2010-08-03,4,취소/말소/만료/정지/중지,직권말소,2015-11-03,041-672-0973,충청남도 태안군 남면 양잠리 1230-28번지,파티파티,,,,,,,,
976,2007-10-11,4,취소/말소/만료/정지/중지,직권말소,,041-672-8080,충청남도 태안군 고남면 고남리 486-3번지,아틀랜틱 리조트,,,,,,,,
977,2018-01-09,4,취소/말소/만료/정지/중지,직권말소,2021-12-24,,경상남도 창원시 마산합포구 진전면 시락리 823,히든비치리조트 관광펜션,,,,,,,,
