지역명,2022관광지출액,2021관광지출액,2022검색건수,2021검색건수,2022방문자수,2021방문자수,폐업추세,,,영업상태구분코드,,,폐업일자,,지역명1,,,,
부산광역시,3.12E+12,2.48E+12,24919980,18595551,141850354,126828840,,1,,2,,,,,강원도 고성군 토성면 용촌리 601-1,,,,
인천광역시,1.84E+12,1.40E+12,30210191,22227083,162791200,137962498,,2,,2,,,,,강원도 고성군 토성면 용촌리 601-4,,,,
울산광역시,5.69E+11,4.70E+11,6665620,5137945,47583356,43702315,,3,,2,,,,,강원도 고성군 토성면 인흥리 632-1,,,,
경기도,9.57E+12,8.12E+12,164735536,125930625,614719516,557003044,,4,,2,,,,,강원도 고성군 죽왕면 문암진리 81-25번지,,,,
강원도,1.38E+12,1.17E+12,48248002,40225081,155688787,135732749,,5,,2,,,,,충청북도 제천시 청풍면 교리 227-6번지,,,,
충청북도,1.06E+12,9.16E+11,15577199,11758149,109409660,98004355,,6,,3,,,2017,,경상북도 경주시 하동,,,,
충청남도,1.20E+12,1.02E+12,25053483,19144715,160518006,145079713,,7,,3,,,2017,,경상북도 경주시 시래동,,,,
전라북도,7.91E+11,7.52E+11,14751808,11281658,96078088,84962410,,8,,3,,,2018,,경상북도 경주시 하동 656-39번지,,,,
전라남도,9.77E+11,8.37E+11,17521420,14348329,128349337,116892683,,9,,3,,,2018,,경상북도 경주시 하동 656-9번지,,,,
경상북도,1.30E+12,1.14E+12,23748525,18808015,180584844,164344571,,10,,3,,,2022,,충청남도 보령시 신흑동 2303-6,,,,
경상남도,1.57E+12,1.34E+12,27643206,22068720,152146144,142703820,,11,,3,,,2017,,충청남도 보령시 신흑동 2228-1번지,,,,
,,,,,,,,12,,3,,,2019,,충청남도 보령시 신흑동 2305-2번지,,,,
,,,,,,,,13,,3,,,2013,,충청남도 예산군 덕산면 사동리 108-2번지,,,,
,,,,,,,,14,,3,,,,,충청남도 태안군 고남면 고남리 486-4번지,,,,
,,,,,,,,15,,3,,,2014,,충청남도 태안군 남면 양잠리 1232-33번지,,,,
,,,,,,,,16,,3,,,2020,,충청남도 홍성군 서부면 남당리 384-3번지,,,,
,,,,,,,,17,,3,,,2022,,충청남도 태안군 원북면 청산리 87-54,,,,
,,,,,,,,18,,3,,,2020,,충청남도 태안군 남면 몽산리 680-2,,,,
,,,,,,,,19,,3,,,2017,,충청남도 태안군 남면 신온리 833-109번지,,,,
,,,,,,,,20,,3,,,2017,,충청남도 태안군 남면 원청리 558-4번지,,,,
,,,,,,,,21,,3,,,2017,,충청남도 태안군 남면 신온리 833-170번지,,,,
,,,,,,,,22,,3,,,2019,,충청남도 태안군 남면 양잠리 1230-33번지,,,,
,,,,,,,,23,,3,,,2014,,충청남도 태안군 남면 양잠리 1232-7번지,,,,
,,,,,,,,24,,3,,,2019,,충청남도 태안군 남면 양잠리 1230-28번지,,,,
,,,,,,,,25,,3,,,2020,,충청남도 태안군 고남면 고남리 829번지,,,,
,,,,,,,,26,,3,,,2019,,충청남도 태안군 남면 달산리 319-23번지 숙박시설,,,,
,,,,,,,,27,,3,,,2014,,충청남도 태안군 남면 양잠리 1230-14번지,,,,
,,,,,,,,28,,3,,,2014,,충청남도 태안군 남면 신온리 323-9번지,,,,
,,,,,,,,29,,3,,,2021,,충청남도 태안군 남면 원청리 512-135,,,,
,,,,,,,,30,,3,,,2019,,인천광역시 강화군 하점면 장정리 479-1번지,,,,
,,,,,,,,31,,3,,,2019,,경상남도 거제시 동부면 학동리 123-5번지,,,,
,,,,,,,,32,,3,,,2017,,경상북도 경주시 감포읍 감포리 549-1번지 2리,,,,
,,,,,,,,33,,3,,,2017,,경상북도 경주시 보문동 531-3번지,,,,
,,,,,,,,34,,3,,,2017,,경상북도 경주시 하동 254-2번지,,,,
,,,,,,,,35,,3,,,2014,,경상북도 경주시 내남면 안심리 416번지,,,,
,,,,,,,,36,,3,,,2017,,경상북도 경주시 구정동 17번지,,,,
,,,,,,,,37,,3,,,2017,,경상북도 경주시 외동읍 신계리 816-1번지,,,,
,,,,,,,,38,,3,,,2015,,경상북도 경주시 천군동 862-14번지,,,,
,,,,,,,,39,,3,,,2015,,경상북도 경주시 양남면 신대리 461-1번지,,,,
,,,,,,,,40,,3,,,2017,,경상북도 경주시 하동 502-3번지,,,,
,,,,,,,,41,,3,,,2017,,경상북도 경주시 내남면 노곡리 115-4번지,,,,
,,,,,,,,42,,3,,,2017,,경상북도 경주시 하동 193번지,,,,
,,,,,,,,43,,3,,,2017,,경상북도 경주시 하동 748-10번지,,,,
,,,,,,,,44,,3,,,2017,,경상북도 경주시 하동 253-1번지,,,,
,,,,,,,,45,,3,,,2017,,경상북도 경주시 황용동 25-1번지,,,,
,,,,,,,,46,,3,,,2017,,경상북도 경주시 하동 654번지,,,,
,,,,,,,,47,,3,,,2017,,경상북도 경주시 진현동 449번지,,,,
,,,,,,,,48,,3,,,2016,,경상북도 경주시 하동 253번지,,,,
,,,,,,,,49,,3,,,2012,,경상북도 경주시 천군동 449번지,,,,
,,,,,,,,50,,3,,,2017,,경상북도 경주시 하동 124-3번지,,,,
,,,,,,,,51,,3,,,2017,,경상북도 경주시 천군동 1444-2번지,,,,
,,,,,,,,52,,3,,,2017,,경상북도 경주시 천군동 1444-6번지,,,,
,,,,,,,,53,,3,,,2017,,경상북도 경주시 천군동 1444-6번지,,,,
,,,,,,,,54,,3,,,2015,,경상북도 경주시 구정동 292-5번지,,,,
,,,,,,,,55,,3,,,2013,,경상북도 경주시 마동 507번지,,,,
,,,,,,,,56,,3,,,2016,,경상북도 경주시 하동 115-3번지,,,,
,,,,,,,,57,,3,,,2017,,경상북도 경주시 양남면 읍천리 342-4번지,,,,
,,,,,,,,58,,3,,,2017,,경상북도 경주시 마동 182-16번지,,,,
,,,,,,,,59,,3,,,2017,,경상북도 경주시 하동 256-2번지,,,,
,,,,,,,,60,,3,,,2017,,경상북도 경주시 양남면 수렴리 83번지,,,,
,,,,,,,,61,,3,,,2017,,경상북도 경주시 하동 740-6번지,,,,
,,,,,,,,62,,3,,,2017,,경상북도 경주시 하동 83-13번지,,,,
,,,,,,,,63,,3,,,2015,,경상북도 경주시 진현동,,,,
,,,,,,,,64,,3,,,2015,,경상북도 경주시 하동,,,,
,,,,,,,,65,,3,,,2017,,경상북도 경주시 하동,,,,
,,,,,,,,66,,3,,,2015,,경상북도 울릉군 울릉읍 사동리 383-18번지,,,,
,,,,,,,,67,,3,,,2017,,경상북도 의성군 다인면 달제리 326-1번지,,,,
,,,,,,,,68,,3,,,2016,,경상북도 청송군 부동면 하의리 220-1번지,,,,
,,,,,,,,69,,3,,,2015,,인천광역시 옹진군 덕적면 서포리 310-3번지,,,,
,,,,,,,,70,,3,,,2020,,충청남도 보령시 신흑동 946-4번지,,,,
,,,,,,,,71,,3,,,2018,,충청남도 보령시 신흑동 2213-13번지,,,,
,,,,,,,,72,,3,,,2019,,충청남도 보령시 신흑동 2260-6번지,,,,
,,,,,,,,73,,3,,,2020,,충청남도 보령시 신흑동 2260-1번지,,,,
,,,,,,,,74,,3,,,2022,,충청남도 보령시 신흑동 2219-4,,,,
,,,,,,,,75,,3,,,2020,,충청남도 보령시 신흑동 2220-1,,,,
,,,,,,,,76,,3,,,2018,,충청남도 보령시 신흑동 2213-7번지,,,,
,,,,,,,,77,,3,,,2014,,충청남도 보령시 신흑동 2219-3번지,,,,
,,,,,,,,78,,3,,,2017,,충청남도 보령시 신흑동 2219-7번지,,,,
,,,,,,,,79,,3,,,2014,,충청남도 논산시 벌곡면 수락리 287-2번지,,,,
,,,,,,,,80,,3,,,2020,,충청남도 논산시 벌곡면 도산리 90번지,,,,
,,,,,,,,81,,3,,,2019,,충청남도 보령시 신흑동 2303-2번지,,,,
,,,,,,,,82,,3,,,2022,,충청남도 보령시 신흑동 2302-7,,,,
,,,,,,,,83,,3,,,2020,,충청남도 보령시 신흑동 2302-12번지,,,,
,,,,,,,,84,,3,,,2017,,경기도 여주시 금사면 이포리 13-3번지,,,,
,,,,,,,,85,,3,,,2021,,충청남도 청양군 대치면 광대리 268-7,,,,
,,,,,,,,86,,3,,,2017,,부산광역시 기장군 장안읍 장안리 106-1번지,,,,
,,,,,,,,87,,3,,,2013,,전라북도 고창군 고창읍 월암리 373-1번지,,,,
,,,,,,,,88,,3,,,2022,,전라북도 정읍시 신정동 1590 내장산리조트관광단지팬션,,,,
,,,,,,,,89,,3,,,2009,,전라북도 부안군 진서면 진서리 31-83번지,,,,
,,,,,,,,90,,3,,,2018,,전라북도 무주군 설천면 심곡리 567-1번지,,,,
,,,,,,,,91,,3,,,2014,,전라북도 부안군 변산면 도청리 535-1번지,,,,
,,,,,,,,92,,3,,,2019,,전라북도 무주군 설천면 심곡리 463-2번지,,,,
,,,,,,,,93,,3,,,2014,,전라북도 무주군 설천면 삼공리 318-1번지,,,,
,,,,,,,,94,,3,,,2014,,전라북도 무주군 설천면 삼공리 742-4번지,,,,
,,,,,,,,95,,3,,,2018,,전라북도 무주군 무풍면 삼거리 46-39번지,,,,
,,,,,,,,96,,3,,,2012,,전라북도 무주군 설천면 심곡리 567-1번지,,,,
,,,,,,,,97,,3,,,2018,,전라북도 무주군 설천면 삼공리 522-9번지,,,,
,,,,,,,,98,,3,,,2018,,경기도 파주시 파평면 율곡리 307-1번지,,,,
,,,,,,,,99,,3,,,2020,,경기도 양평군 단월면 덕수리 370,,,,
,,,,,,,,100,,3,,,2020,,경기도 양평군 단월면 부안리,,,,
,,,,,,,,101,,3,,,2020,,경기도 양평군 양평읍 백안리 17-32,,,,
,,,,,,,,102,,3,,,2020,,경기도 양평군 강하면 왕창리 298-1,,,,
,,,,,,,,103,,3,,,,,강원도 횡성군 둔내면 삽교리 1460번지,,,,
,,,,,,,,104,,3,,,2014,,강원도 횡성군 서원면 석화리 232번지,,,,
,,,,,,,,105,,3,,,2018,,전라남도 나주시 석현동 203-2번지,,,,
,,,,,,,,106,,3,,,2021,,전라남도 진도군 의신면 초사리 657,,,,
,,,,,,,,107,,3,,,2020,,전라남도 구례군 토지면 외곡리 505-7,,,,
,,,,,,,,108,,3,,,2014,,전라남도 함평군 신광면 동정리 296번지 26통,,,,
,,,,,,,,109,,3,,,2019,,전라남도 함평군 해보면 대각리 538-0번지,,,,
,,,,,,,,110,,3,,,2020,,전라남도 함평군 해보면 광암리 393-9번지,,,,
,,,,,,,,111,,3,,,2016,,전라남도 담양군 금성면 덕성리 512-1번지,,,,
,,,,,,,,112,,3,,,2016,,전라남도 담양군 금성면 덕성리 512-1번지,,,,
,,,,,,,,113,,3,,,2017,,전라남도 해남군 북평면 동해리 521번지,,,,
,,,,,,,,114,,3,,,2015,,경상남도 거제시 일운면 망치리 32-2번지,,,,
,,,,,,,,115,,3,,,2020,,충청남도 보령시 신흑동 2304-7번지,,,,
,,,,,,,,116,,3,,,2015,,경상남도 통영시 용남면 원평리 1172번지,,,,
,,,,,,,,117,,3,,,2018,,경상남도 통영시 산양읍 영운리 506번지,,,,
,,,,,,,,118,,3,,,2016,,경상남도 통영시 용남면 화삼리 945-23번지,,,,
,,,,,,,,119,,3,,,2014,,경상남도 통영시 용남면 동달리 97번지,,,,
,,,,,,,,120,,3,,,2019,,경상남도 통영시 산양읍 영운리 478번지,,,,
,,,,,,,,121,,3,,,2019,,경상남도 통영시 산양읍 영운리 478-2번지,,,,
,,,,,,,,122,,3,,,2019,,경상남도 통영시 산양읍 영운리 478-3번지,,,,
,,,,,,,,123,,3,,,2018,,경상남도 통영시 욕지면 서산리 307-15번지,,,,
,,,,,,,,124,,3,,,2015,,경상남도 통영시 용남면 동달리 164-6번지,,,,
,,,,,,,,125,,3,,,2021,,경상남도 통영시 평림동 967-2,,,,
,,,,,,,,126,,3,,,2015,,경상남도 통영시 평림동 967번지,,,,
,,,,,,,,127,,3,,,2017,,강원도 춘천시 남산면 창촌리 86-4번지,,,,
,,,,,,,,128,,3,,,2017,,강원도 춘천시 남산면 서천리 319번지,,,,
,,,,,,,,129,,3,,,2022,,울산광역시 울주군 서생면 대송리 25-16,,,,
,,,,,,,,130,,3,,,2021,,전라남도 보성군 보성읍 보성리 1141-2,,,,
,,,,,,,,131,,3,,,2021,,전라남도 보성군 보성읍 봉산리 1145,,,,
,,,,,,,,132,,3,,,2020,,전라남도 보성군 벌교읍 장양리 558-3,,,,
,,,,,,,,133,,3,,,2011,,전라남도 무안군 몽탄면 봉명리 580번지,,,,
,,,,,,,,134,,3,,,2012,,전라남도 무안군 망운면 피서리 809-54번지,,,,
,,,,,,,,135,,3,,,2020,,전라남도 영광군 염산면 두우리 969,,,,
,,,,,,,,136,,3,,,2018,,경기도 화성시 서신면 제부리 288-101,,,,
,,,,,,,,137,,3,,,2021,,강원도 춘천시 남산면 서천리 532,,,,
,,,,,,,,138,,3,,,2021,,강원도 원주시 소초면 학곡리 57-13,,,,
,,,,,,,,139,,3,,,2019,,경상남도 거제시 장목면 유호리 78-32번지,,,,
,,,,,,,,140,,3,,,2022,,경상남도 거제시 남부면 저구리 737-70,,,,
,,,,,,,,141,,3,,,2014,,경상남도 거제시 장목면 관포리 586-2번지,,,,
,,,,,,,,142,,3,,,2020,,경상남도 거제시 하청면 석포리 24-12번지,,,,
,,,,,,,,143,,3,,,2014,,경상남도 거제시 장목면 관포리 581-4번지,,,,
,,,,,,,,144,,3,,,2014,,경상남도 거제시 장목면 관포리 581-7번지,,,,
,,,,,,,,145,,3,,,2014,,경상남도 거제시 장목면 관포리 586-7번지,,,,
,,,,,,,,146,,3,,,2014,,경상남도 거제시 장목면 관포리 581-4번지,,,,
,,,,,,,,147,,3,,,2015,,경상남도 거제시 동부면 학동리 229-2번지,,,,
,,,,,,,,148,,3,,,2021,,경상남도 거제시 일운면 망치리 463-2,,,,
,,,,,,,,149,,3,,,2020,,경상남도 거제시 하청면 석포리 24-6번지,,,,
,,,,,,,,150,,3,,,2020,,경상남도 거제시 하청면 석포리 24-7번지,,,,
,,,,,,,,151,,3,,,2017,,강원도 정선군 정선읍 회동리 168번지,,,,
,,,,,,,,152,,3,,,2013,,강원도 정선군 정선읍 덕송리 408번지,,,,
,,,,,,,,153,,3,,,2019,,강원도 정선군 정선읍 회동리 171-1번지,,,,
,,,,,,,,154,,3,,,2021,,강원도 정선군 남면 무릉리 741-5,,,,
,,,,,,,,155,,3,,,2017,,강원도 정선군 남면 741-6번지,,,,
,,,,,,,,156,,3,,,2019,,강원도 삼척시 근덕면 장호리 185-4번지,,,,
,,,,,,,,157,,3,,,2015,,강원도 홍천군 홍천읍 삼마치리 385번지,,,,
,,,,,,,,158,,3,,,2015,,강원도 홍천군 서면 대곡리 1040-1번지,,,,
,,,,,,,,159,,3,,,2017,,강원도 홍천군 북방면 노일리 901-3번지,,,,
,,,,,,,,160,,3,,,2016,,강원도 홍천군 서석면 수하리 1301-8번지,,,,
,,,,,,,,161,,3,,,2018,,강원도 홍천군 내촌면 광암리 472-4번지,,,,
,,,,,,,,162,,3,,,2018,,강원도 양양군 손양면 도화리 183-12번지,,,,
,,,,,,,,163,,3,,,2015,,강원도 양양군 손양면 도화리 183-4번지,,,,
,,,,,,,,164,,3,,,2016,,강원도 양양군 서면 내현리 30-15,,,,
,,,,,,,,165,,3,,,2015,,강원도 양양군 서면 내현리 30-16,,,,
,,,,,,,,166,,3,,,2021,,경상남도 거제시 동부면 가배리 738-5,,,,
,,,,,,,,167,,3,,,2017,,경상남도 남해군 상주면 상주리 230번지,,,,
,,,,,,,,169,,3,,,2019,,경상남도 거제시 일운면 망치리 58-2번지,,,,
,,,,,,,,170,,3,,,2014,,경상남도 통영시 욕지면 동항리 409-2번지,,,,
,,,,,,,,171,,3,,,2018,,경상남도 통영시 산양읍 신전리 175-1번지,,,,
,,,,,,,,172,,3,,,2018,,경상남도 통영시 용남면 장문리 915-1번지,,,,
,,,,,,,,173,,3,,,2018,,경상남도 통영시 용남면 원평리 1151번지,,,,
,,,,,,,,174,,3,,,2018,,경상남도 통영시 산양읍 미남리 92-6번지,,,,
,,,,,,,,175,,3,,,2019,,경상남도 통영시 산양읍 영운리 529-1번지,,,,
,,,,,,,,176,,3,,,2020,,경상남도 통영시 욕지면 동항리 1245-2 펜션,,,,
,,,,,,,,177,,3,,,2016,,강원도 평창군 봉평면 흥정리 250-8번지,,,,
,,,,,,,,178,,3,,,2014,,강원도 평창군 봉평면 면온리 697-8번지,,,,
,,,,,,,,179,,3,,,2017,,강원도 평창군 진부면 수항리 208-2번지,,,,
,,,,,,,,180,,3,,,2016,,강원도 평창군 방림면 계촌리 2223번지,,,,
,,,,,,,,181,,3,,,2014,,강원도 평창군 봉평면 면온리 693-11번지,,,,
,,,,,,,,182,,3,,,2016,,강원도 평창군 방림면 계촌리 2226-1번지,,,,
,,,,,,,,183,,3,,,2015,,강원도 평창군 진부면 탑동리 339-3번지,,,,
,,,,,,,,184,,3,,,2015,,강원도 홍천군 서면 팔봉리 993-2번지 1통1반,,,,
,,,,,,,,185,,3,,,2018,,강원도 홍천군 서면 대곡리 25번지,,,,
,,,,,,,,186,,3,,,2019,,강원도 홍천군 서면 팔봉리 978-2번지 0통,,,,
,,,,,,,,187,,3,,,2022,,강원도 홍천군 남면 월천리 103-1,,,,
,,,,,,,,188,,3,,,2022,,강원도 홍천군 북방면 장항리 98-3,,,,
,,,,,,,,189,,3,,,2021,,강원도 홍천군 북방면 장항리 201-30,,,,
,,,,,,,,190,,3,,,2021,,강원도 홍천군 북방면 장항리 201-31,,,,
,,,,,,,,191,,3,,,2019,,강원도 양구군 양구읍 상리 525-4번지,,,,
,,,,,,,,192,,3,,,2014,,강원도 강릉시 저동 64-6번지,,,,
,,,,,,,,193,,3,,,2015,,강원도 강릉시 사천면 석교리 343-1번지,,,,
,,,,,,,,194,,3,,,2014,,강원도 강릉시 강동면 정동진리 산 33-1번지,,,,
,,,,,,,,195,,3,,,2014,,강원도 강릉시 연곡면 삼산리,,,,
,,,,,,,,196,,3,,,2015,,강원도 태백시 황지동 496-2번지,,,,
,,,,,,,,197,,3,,,2016,,강원도 고성군 토성면 천진리 47번지,,,,
,,,,,,,,198,,3,,,2021,,충청남도 태안군 안면읍 황도리 64-25 바다가되고싶어요,,,,
,,,,,,,,199,,3,,,2022,,충청남도 태안군 안면읍 황도리 73-4,,,,
,,,,,,,,200,,3,,,2014,,경상남도 산청군 산청읍 차탄리 498-1번지,,,,
,,,,,,,,201,,3,,,2014,,경상남도 산청군 산청읍 차탄리 498-2번지,,,,
,,,,,,,,202,,3,,,2015,,경상남도 산청군 산청읍 내리 877번지,,,,
,,,,,,,,203,,3,,,2016,,경상남도 산청군 시천면 중산리 544번지,,,,
,,,,,,,,204,,3,,,2019,,경상남도 산청군 삼장면 평촌리 614번지,,,,
,,,,,,,,205,,3,,,2014,,경상남도 산청군 산청읍 차탄리 498-3번지,,,,
,,,,,,,,206,,3,,,2019,,경상남도 밀양시 산내면 삼양리 1870-3번지,,,,
,,,,,,,,207,,3,,,2019,,경상남도 밀양시 단장면 범도리 1067-3번지 외 1,,,,
,,,,,,,,208,,3,,,2014,,경상남도 거제시 일운면 소동리 129번지,,,,
,,,,,,,,209,,3,,,2014,,경상남도 거제시 일운면 소동리 129-2번지,,,,
,,,,,,,,210,,3,,,2014,,경상남도 거제시 일운면 소동리 130-1번지,,,,
,,,,,,,,211,,3,,,2016,,경상남도 거제시 일운면 망치리 8-1번지,,,,
,,,,,,,,212,,3,,,2015,,"경상남도 거제시 장목면 외포리 1256-2번지 외 11필지(1,6,8,9,10,11,15,16,17,22,23)",,,,
,,,,,,,,213,,3,,,2015,,경상남도 거제시 일운면 망치리 9-42번지,,,,
,,,,,,,,214,,3,,,2015,,경상남도 거제시 일운면 망치리 9-41번지,,,,
,,,,,,,,215,,3,,,2018,,경상남도 거제시 일운면 소동리 158-9,,,,
,,,,,,,,216,,3,,,2015,,경상남도 거제시 일운면 망치리 45-8번지,,,,
,,,,,,,,217,,3,,,2017,,경상남도 남해군 창선면 동대리 116번지,,,,
,,,,,,,,218,,3,,,2018,,경상남도 남해군 창선면 동대리 114-15번지,,,,
,,,,,,,,219,,3,,,2022,,경상북도 포항시 남구 구룡포읍 석병리 603,,,,
,,,,,,,,220,,3,,,2022,,경상북도 포항시 남구 구룡포읍 석병리 603,,,,
,,,,,,,,221,,3,,,2021,,경기도 가평군 가평읍 금대리 55-36,,,,
,,,,,,,,223,,3,,,2018,,경기도 남양주시 수동면 지둔리 48-7번지,,,,
,,,,,,,,224,,3,,,2018,,경기도 가평군 북면 백둔리 342-2번지,,,,
,,,,,,,,225,,3,,,2018,,경기도 가평군 북면 백둔리 342-3번지,,,,
,,,,,,,,226,,3,,,2015,,경기도 가평군 가평읍 산유리 48-1번지,,,,
,,,,,,,,227,,3,,,2017,,경기도 가평군 북면 백둔리 45-5번지,,,,
,,,,,,,,228,,3,,,2017,,경기도 가평군 청평면 대성리 402-1번지 외1필지,,,,
,,,,,,,,229,,3,,,2017,,경기도 가평군 하면 하판리 417-10번지,,,,
,,,,,,,,230,,3,,,2017,,경기도 가평군 청평면 대성리 413-3번지,,,,
,,,,,,,,231,,3,,,2017,,경기도 가평군 청평면 대성리 422-2번지,,,,
,,,,,,,,232,,3,,,2021,,경기도 가평군 청평면 고성리 720-2,,,,
,,,,,,,,233,,3,,,2017,,경기도 광주시 도척면 궁평리 401-1번지,,,,
,,,,,,,,234,,3,,,2013,,충청북도 제천시 청풍면 교리 227-4번지,,,,
,,,,,,,,235,,3,,,2018,,충청북도 제천시 청풍면 교리 227-3번지,,,,
,,,,,,,,236,,3,,,2018,,충청북도 제천시 청풍면 교리 227-2번지,,,,
,,,,,,,,237,,3,,,2018,,충청북도 제천시 청풍면 교리 227-1번지,,,,
,,,,,,,,238,,3,,,2018,,충청북도 제천시 청풍면 교리 227-5번지,,,,
,,,,,,,,239,,3,,,,,충청북도 제천시 청풍면 교리 227-2번지,,,,
,,,,,,,,240,,3,,,,,충청북도 제천시 청풍면 교리 227-1번지,,,,
,,,,,,,,241,,3,,,,,충청북도 제천시 청풍면 교리 227-5번지,,,,
,,,,,,,,242,,3,,,,,충청북도 제천시 청풍면 교리 227-3번지,,,,
,,,,,,,,243,,3,,,43262,,충청북도 제천시 청풍면 교리 227-4번지,,,,
,,,,,,,,244,,3,,,43262,,충청북도 제천시 청풍면 교리 227-6번지,,,,
,,,,,,,,245,,3,,,41799,,충청북도 단양군 가곡면 가대리 1132번지,,,,
,,,,,,,,246,,3,,,43872,,충청북도 단양군 가곡면 가대리 1134번지,,,,
,,,,,,,,247,,3,,,41565,,충청북도 단양군 가곡면 가대리 1131번지,,,,
,,,,,,,,248,,3,,,42683,,충청북도 단양군 단양읍 천동리 177-8번지,,,,
,,,,,,,,249,,3,,,38937,,충청북도 제천시 청풍면 계산리 13-1번지,,,,
,,,,,,,,250,,3,,,42044,,인천광역시 강화군 화도면 내리 2159-15번지,,,,
,,,,,,,,251,,3,,,43678,,인천광역시 강화군 강화읍 월곳리 173-8번지,,,,
,,,,,,,,252,,1,,,,,경상북도 문경시 마성면 신현리 468-10,,,,
,,,,,,,,253,,1,,,,,경상북도 문경시 문경읍 요성리 188번지,,,,
,,,,,,,,254,,1,,,,,경상북도 문경시 문경읍 하초리 365번지,,,,
,,,,,,,,255,,1,,,,,경상북도 경주시 마동,,,,
,,,,,,,,256,,1,,,,,경상북도 문경시 문경읍 고요리 72-1번지,,,,
,,,,,,,,257,,1,,,,,경상북도 문경시 가은읍 완장리 432번지,,,,
,,,,,,,,258,,1,,,,,경상북도 문경시 문경읍 상초리 288-8,,,,
,,,,,,,,259,,1,,,,,경상북도 문경시 문경읍 상초리 288-10번지,,,,
,,,,,,,,260,,1,,,,,충청남도 보령시 남포면 월전리 산 154-1 102동,,,,
,,,,,,,,261,,1,,,,,충청남도 보령시 남포면 월전리 산 154-1번지 205동,,,,
,,,,,,,,262,,1,,,,,충청남도 보령시 남포면 월전리 산 154-1번지 206동,,,,
,,,,,,,,263,,1,,,,,충청남도 보령시 신흑동 2257-2번지,,,,
,,,,,,,,264,,1,,,,,충청남도 보령시 신흑동 2301-11번지,,,,
,,,,,,,,265,,1,,,,,충청남도 보령시 신흑동 2302-3번지,,,,
,,,,,,,,266,,1,,,,,충청남도 보령시 신흑동 2256-4번지,,,,
,,,,,,,,267,,1,,,,,"충청남도 보령시 남포면 월전리 산 154-1번지 101, 204동",,,,
,,,,,,,,268,,1,,,,,충청남도 태안군 남면 양잠리 1230-66번지,,,,
,,,,,,,,269,,1,,,,,충청남도 태안군 남면 원청리 512-31번지,,,,
,,,,,,,,270,,1,,,,,충청남도 태안군 남면 양잠리 1230-11번지,,,,
,,,,,,,,271,,1,,,,,충청남도 태안군 남면 양잠리 1230-18,,,,
,,,,,,,,272,,1,,,,,충청남도 태안군 안면읍 정당리 1300-3번지,,,,
,,,,,,,,273,,1,,,,,충청남도 태안군 남면 신장리 353-41번지,,,,
,,,,,,,,274,,1,,,,,충청남도 태안군 남면 원청리 512-20번지,,,,
,,,,,,,,275,,1,,,,,충청남도 태안군 근흥면 도황리 346-16번지,,,,
,,,,,,,,276,,1,,,,,충청남도 태안군 남면 신온리 952-19,,,,
,,,,,,,,277,,1,,,,,충청남도 태안군 남면 양잠리 1230-19번지,,,,
,,,,,,,,278,,1,,,,,충청남도 태안군 안면읍 정당리 1314-7번지,,,,
,,,,,,,,279,,1,,,,,충청남도 태안군 남면 양잠리 1230-15,,,,
,,,,,,,,280,,1,,,,,충청남도 태안군 고남면 장곡리 403-18번지,,,,
,,,,,,,,281,,1,,,,,충청남도 서산시 운산면 고풍리 166-2번지,,,,
,,,,,,,,282,,1,,,,,충청남도 태안군 이원면 내리 584-16,,,,
,,,,,,,,283,,1,,,,,충청남도 태안군 남면 신온리 952-5번지 엘도라도,,,,
,,,,,,,,284,,1,,,,,충청남도 태안군 고남면 장곡리 403-17번지 지중해아침,,,,
,,,,,,,,285,,1,,,,,충청남도 태안군 원북면 신두리 1414-4번지,,,,
,,,,,,,,286,,1,,,,,충청남도 태안군 남면 몽산리 661-9번지,,,,
,,,,,,,,287,,1,,,,,충청남도 태안군 고남면 장곡리 141-1번지,,,,
,,,,,,,,288,,1,,,,,충청남도 태안군 남면 원청리 562-16번지,,,,
,,,,,,,,289,,1,,,,,충청남도 태안군 안면읍 정당리 968-5번지,,,,
,,,,,,,,290,,1,,,,,충청남도 태안군 남면 원청리 512-131번지,,,,
,,,,,,,,291,,1,,,,,충청남도 태안군 태안읍 삭선리 340-14번지,,,,
,,,,,,,,292,,1,,,,,충청남도 태안군 남면 양잠리 1230-86번지,,,,
,,,,,,,,293,,1,,,,,충청남도 태안군 남면 원청리 512-33번지,,,,
,,,,,,,,294,,1,,,,,충청남도 태안군 원북면 청산리,,,,
,,,,,,,,295,,1,,,,,경상남도 통영시 산양읍 풍화리 1491-1 2층,,,,
,,,,,,,,296,,1,,,,,전라남도 신안군 압해읍 학교리 336-14번지,,,,
,,,,,,,,297,,1,,,,,인천광역시 강화군 화도면 내리 1793,,,,
,,,,,,,,298,,1,,,,,경상남도 하동군 북천면 방화리 618번지,,,,
,,,,,,,,299,,1,,,,,경상남도 양산시 원동면 대리 988-2,,,,
,,,,,,,,300,,1,,,,,경상북도 포항시 남구 장기면 두원리 82번지,,,,
,,,,,,,,301,,1,,,,,경상남도 통영시 산양읍 남평리 1359-4번지,,,,
,,,,,,,,302,,1,,,,,강원도 영월군 김삿갓면 주문리 6-1번지,,,,
,,,,,,,,303,,1,,,,,전라남도 신안군 압해읍 학교리 336-14번지,,,,
,,,,,,,,304,,1,,,,,강원도 인제군 상남면 미산리 598-7번지,,,,
,,,,,,,,305,,1,,,,,충청남도 보령시 신흑동 2303-9번지,,,,
,,,,,,,,306,,1,,,,,경상북도 영주시 아지동 445-12번지,,,,
,,,,,,,,307,,1,,,,,경상북도 문경시 동로면 생달리 437,,,,
,,,,,,,,308,,1,,,,,경상북도 영덕군 병곡면 병곡리 1-5번지,,,,
,,,,,,,,309,,1,,,,,경상북도 영덕군 남정면 남호리 18-4,,,,
,,,,,,,,310,,1,,,,,경상북도 영덕군 강구면 하저리 14-1,,,,
,,,,,,,,311,,1,,,,,경상북도 영덕군 병곡면 병곡리 24번지 8통3반,,,,
,,,,,,,,312,,1,,,,,경상북도 영덕군 병곡면 백석리 340-1번지,,,,
,,,,,,,,313,,1,,,,,경상북도 영덕군 병곡면 병곡리 15-2번지,,,,
,,,,,,,,314,,1,,,,,경상북도 구미시 남통동 312-3,,,,
,,,,,,,,315,,1,,,,,경상북도 상주시 사벌국면 삼덕리 3-4,,,,
,,,,,,,,316,,1,,,,,경상북도 경주시 탑동 56-11번지,,,,
,,,,,,,,317,,1,,,,,경상북도 경주시 시래동 738번지,,,,
,,,,,,,,318,,1,,,,,경상북도 경주시 진현동,,,,
,,,,,,,,319,,1,,,,,경상북도 울릉군 북면 천부리 718-44,,,,
,,,,,,,,320,,1,,,,,경상북도 울릉군 울릉읍 사동리 338-17,,,,
,,,,,,,,321,,1,,,,,경상북도 울릉군 울릉읍 도동리 146-2 해오름펜션,,,,
,,,,,,,,322,,1,,,,,경상북도 울릉군 북면 천부리 462-2,,,,
,,,,,,,,323,,1,,,,,경상북도 울릉군 울릉읍 사동리 285-1번지,,,,
,,,,,,,,324,,1,,,,,경상북도 울릉군 북면 현포리 527-10번지,,,,
,,,,,,,,325,,1,,,,,경상북도 울릉군 울릉읍 사동리 546번지,,,,
,,,,,,,,326,,1,,,,,경상북도 울진군 기성면 망양리 3번지,,,,
,,,,,,,,327,,1,,,,,경상북도 울진군 기성면 망양리 3,,,,
,,,,,,,,328,,1,,,,,경상북도 울릉군 울릉읍 사동리 544,,,,
,,,,,,,,329,,1,,,,,경상북도 울릉군 울릉읍 사동리 219-1,,,,
,,,,,,,,330,,1,,,,,경상북도 울릉군 울릉읍 도동리 300-22,,,,
,,,,,,,,331,,1,,,,,경상북도 봉화군 소천면 고선리 558번지,,,,
,,,,,,,,332,,1,,,,,경상북도 청송군 진보면 괴정리 206-3,,,,
,,,,,,,,333,,1,,,,,충청남도 보령시 남포면 월전리 산 154-1번지,,,,
,,,,,,,,334,,1,,,,,충청남도 보령시 신흑동 2222-12번지,,,,
,,,,,,,,335,,1,,,,,충청남도 보령시 신흑동 2258-1번지,,,,
,,,,,,,,336,,1,,,,,충청남도 보령시 신흑동 2261-6번지,,,,
,,,,,,,,337,,1,,,,,충청남도 보령시 신흑동 2260-10번지,,,,
,,,,,,,,338,,1,,,,,충청남도 보령시 오천면 원산도리 1671-33번지,,,,
,,,,,,,,339,,1,,,,,충청남도 보령시 신흑동 2302-9번지,,,,
,,,,,,,,340,,1,,,,,충청남도 보령시 신흑동 2302-2번지,,,,
,,,,,,,,341,,1,,,,,충청남도 공주시 반포면 학봉리 427-1번지,,,,
,,,,,,,,342,,1,,,,,충청남도 공주시 반포면 마암리 648-7번지,,,,
,,,,,,,,343,,1,,,,,충청남도 보령시 신흑동 2222-4번지,,,,
,,,,,,,,344,,1,,,,,충청남도 보령시 신흑동 2303-3,,,,
,,,,,,,,345,,1,,,,,충청남도 논산시 벌곡면 도산리 90-3,,,,
,,,,,,,,346,,1,,,,,충청남도 보령시 신흑동 2219-2번지,,,,
,,,,,,,,347,,1,,,,,충청남도 보령시 신흑동 2258-3번지,,,,
,,,,,,,,348,,1,,,,,충청남도 보령시 신흑동 2301-10번지,,,,
,,,,,,,,349,,1,,,,,충청남도 보령시 신흑동 2304-6번지,,,,
,,,,,,,,350,,1,,,,,충청남도 보령시 남포면 월전리 844번지,,,,
,,,,,,,,351,,1,,,,,충청남도 보령시 신흑동 1951,,,,
,,,,,,,,352,,1,,,,,충청남도 보령시 오천면 원산도리 1671-27번지,,,,
,,,,,,,,353,,1,,,,,충청남도 보령시 남포면 월전리 844번지,,,,
,,,,,,,,354,,1,,,,,충청남도 보령시 신흑동 2301-12번지,,,,
,,,,,,,,355,,1,,,,,경기도 여주시 점동면 당진리 7-7번지,,,,
,,,,,,,,356,,1,,,,,경상북도 영주시 아지동 445-3번지,,,,
,,,,,,,,357,,1,,,,,경상남도 남해군 미조면 송정리 526번지,,,,
,,,,,,,,358,,1,,,,,전라남도 여수시 돌산읍 평사리 1385번지,,,,
,,,,,,,,359,,1,,,,,전라남도 고흥군 봉래면 신금리 976-2번지,,,,
,,,,,,,,360,,1,,,,,전라남도 고흥군 봉래면 신금리 976-2번지,,,,
,,,,,,,,361,,1,,,,,경상북도 칠곡군 석적읍 반계리 182번지,,,,
,,,,,,,,362,,1,,,,,인천광역시 강화군 삼산면 매음리 650-56 노을내리는아름다운집,,,,
,,,,,,,,363,,1,,,,,경상남도 거제시 남부면 저구리 372번지 주1동,,,,
,,,,,,,,364,,1,,,,,경기도 가평군 청평면 대성리 428-23,,,,
,,,,,,,,365,,1,,,,,경상남도 통영시 산양읍 풍화리 365,,,,
,,,,,,,,366,,1,,,,,경상북도 안동시 남후면 광음리 48-1,,,,
,,,,,,,,367,,1,,,,,충청북도 제천시 한수면 송계리 106-7번지,,,,
,,,,,,,,368,,1,,,,,강원도 인제군 인제읍 가리산리 334-1,,,,
,,,,,,,,369,,1,,,,,강원도 인제군 기린면 방동리 443-1 1통5반,,,,
,,,,,,,,370,,1,,,,,강원도 인제군 인제읍 고사리 170,,,,
,,,,,,,,371,,1,,,,,인천광역시 옹진군 영흥면 내리 1327-16,,,,
,,,,,,,,372,,1,,,,,인천광역시 옹진군 영흥면 선재리 543,,,,
,,,,,,,,373,,1,,,,,인천광역시 옹진군 북도면 장봉리 12-4,,,,
,,,,,,,,374,,1,,,,,인천광역시 옹진군 영흥면 내리 8-256,,,,
,,,,,,,,375,,1,,,,,전라남도 해남군 송지면 송호리 1250,,,,
,,,,,,,,376,,1,,,,,전라북도 정읍시 부전동 866-10번지,,,,
,,,,,,,,377,,1,,,,,충청남도 서천군 서면 도둔리 1412번지,,,,
,,,,,,,,378,,1,,,,,전라북도 부안군 변산면 격포리 124-3번지 해넘이타운,,,,
,,,,,,,,379,,1,,,,,전라북도 부안군 변산면 운산리 455-89번지,,,,
,,,,,,,,380,,1,,,,,전라북도 남원시 산내면 내령리 255-2번지 지리산밸리,,,,
,,,,,,,,381,,1,,,,,전라북도 남원시 산내면 덕동리 328-4번지,,,,
,,,,,,,,382,,1,,,,,전라북도 남원시 산내면 덕동리 336-3번지,,,,
,,,,,,,,383,,1,,,,,전라북도 남원시 주천면 호기리 241-3,,,,
,,,,,,,,384,,1,,,,,전라북도 무주군 설천면 심곡리 668번지,,,,
,,,,,,,,385,,1,,,,,전라북도 무주군 설천면 삼공리 524-8번지,,,,
,,,,,,,,386,,1,,,,,전라북도 부안군 변산면 격포리 643-8번지,,,,
,,,,,,,,387,,1,,,,,전라북도 부안군 진서면 운호리 155-10번지,,,,
,,,,,,,,388,,1,,,,,전라북도 부안군 변산면 격포리 652-8,,,,
,,,,,,,,389,,1,,,,,전라북도 부안군 변산면 도청리 152-2번지,,,,
,,,,,,,,390,,1,,,,,전라북도 부안군 변산면 도청리 110번지,,,,
,,,,,,,,391,,1,,,,,전라북도 부안군 변산면 격포리 110번지,,,,
,,,,,,,,392,,1,,,,,전라북도 부안군 변산면 도청리 152-2번지,,,,
,,,,,,,,393,,1,,,,,전라북도 무주군 설천면 삼공리 348-10,,,,
,,,,,,,,394,,1,,,,,전라북도 무주군 설천면 심곡리 463-1번지,,,,
,,,,,,,,395,,1,,,,,전라북도 무주군 설천면 심곡리 624-6번지,,,,
,,,,,,,,396,,1,,,,,전라북도 무주군 설천면 삼공리 282번지 9동,,,,
,,,,,,,,397,,1,,,,,전라북도 무주군 무풍면 삼거리 137-1번지,,,,
,,,,,,,,398,,1,,,,,전라북도 무주군 설천면 삼공리 820-5,,,,
,,,,,,,,399,,1,,,,,전라북도 무주군 설천면 삼공리 734번지,,,,
,,,,,,,,400,,1,,,,,전라북도 무주군 설천면 심곡리 646번지,,,,
,,,,,,,,401,,1,,,,,전라북도 무주군 설천면 삼공리 377-1번지,,,,
,,,,,,,,402,,1,,,,,전라북도 무주군 설천면 심곡리 738-7번지,,,,
,,,,,,,,403,,1,,,,,전라북도 무주군 설천면 심곡리 698번지,,,,
,,,,,,,,404,,1,,,,,전라북도 무주군 설천면 심곡리 615-1번지,,,,
,,,,,,,,405,,1,,,,,전라북도 무주군 설천면 심곡리 576-2번지,,,,
,,,,,,,,406,,1,,,,,전라북도 무주군 설천면 심곡리 668-1,,,,
,,,,,,,,407,,1,,,,,전라북도 무주군 적상면 괴목리 591-1번지,,,,
,,,,,,,,408,,1,,,,,경기도 파주시 법원읍 법원리 140-2번지,,,,
,,,,,,,,409,,1,,,,,경기도 용인시 처인구 포곡읍 전대리 191-33번지,,,,
,,,,,,,,410,,1,,,,,경기도 포천시 일동면 기산리 23-31번지,,,,
,,,,,,,,411,,1,,,,,경기도 포천시 일동면 기산리 695번지,,,,
,,,,,,,,412,,1,,,,,경기도 포천시 신북면 삼정리 517-2번지,,,,
,,,,,,,,413,,1,,,,,경기도 포천시 군내면 상성북리 350-37번지,,,,
,,,,,,,,414,,1,,,,,경기도 포천시 소흘읍 고모리 719-3번지,,,,
,,,,,,,,415,,1,,,,,경기도 양평군 양평읍 백안리 17-2번지,,,,
,,,,,,,,416,,1,,,,,경기도 양평군 강상면 병산리 881-2,,,,
,,,,,,,,417,,1,,,,,경기도 양평군 양평읍 백안리 30번지,,,,
,,,,,,,,418,,1,,,,,경기도 양평군 단월면 산음리 859-1,,,,
,,,,,,,,419,,1,,,,,경기도 양주시 장흥면 석현리 359-3,,,,
,,,,,,,,420,,1,,,,,경기도 양주시 장흥면 석현리 360-19,,,,
,,,,,,,,421,,1,,,,,경상남도 거제시 사등면 창호리 1065번지,,,,
,,,,,,,,422,,1,,,,,경상남도 통영시 산양읍 풍화리 756번지,,,,
,,,,,,,,423,,1,,,,,강원도 춘천시 남산면 방곡리 252-3,,,,
,,,,,,,,424,,1,,,,,충청남도 보령시 신흑동 2261-5,,,,
,,,,,,,,425,,1,,,,,충청남도 보령시 신흑동 2303-5번지,,,,
,,,,,,,,426,,1,,,,,경상남도 산청군 삼장면 내원리 46-2,,,,
,,,,,,,,427,,1,,,,,충청남도 보령시 신흑동 2260-3번지,,,,
,,,,,,,,428,,1,,,,,경상북도 포항시 남구 장기면 대진리 191번지,,,,
,,,,,,,,429,,1,,,,,충청남도 태안군 원북면 방갈리 515-78번지,,,,
,,,,,,,,430,,1,,,,,경상남도 통영시 도산면 저산리 668번지,,,,
,,,,,,,,431,,1,,,,,경상남도 거제시 하청면 어온리 13,,,,
,,,,,,,,432,,1,,,,,충청남도 보령시 신흑동 2306-6번지,,,,
,,,,,,,,433,,1,,,,,충청남도 보령시 신흑동 2306-2,,,,
,,,,,,,,434,,1,,,,,경상남도 통영시 도산면 저산리 710-1,,,,
,,,,,,,,435,,1,,,,,경기도 화성시 서신면 제부리 8-3,,,,
,,,,,,,,436,,1,,,,,강원도 횡성군 서원면 석화리 232,,,,
,,,,,,,,437,,1,,,,,강원도 횡성군 둔내면 삽교리 795번지,,,,
,,,,,,,,438,,1,,,,,전라남도 곡성군 죽곡면 용정리 219,,,,
,,,,,,,,439,,1,,,,,전라남도 광양시 옥룡면 동곡리 631번지,,,,
,,,,,,,,440,,1,,,,,전라남도 광양시 옥룡면 동곡리 1233-2번지,,,,
,,,,,,,,441,,1,,,,,전라남도 나주시 남평읍 교원리 464-4,,,,
,,,,,,,,442,,1,,,,,전라남도 영광군 낙월면 송이리 산 270번지,,,,
,,,,,,,,443,,1,,,,,전라남도 영광군 불갑면 모악리 359번지,,,,
,,,,,,,,444,,1,,,,,전라남도 진도군 임회면 죽림리 1091-7번지,,,,
,,,,,,,,445,,1,,,,,전라남도 여수시 돌산읍 평사리 338-5번지,,,,
,,,,,,,,446,,1,,,,,전라남도 구례군 산동면 수기리 244-5번지,,,,
,,,,,,,,447,,1,,,,,전라남도 구례군 산동면 수기리 244-3번지,,,,
,,,,,,,,448,,1,,,,,전라남도 구례군 토지면 외곡리 777-5번지,,,,
,,,,,,,,449,,1,,,,,전라남도 구례군 구례읍 봉서리 2129번지,,,,
,,,,,,,,450,,1,,,,,전라남도 신안군 증도면 방축리 415-1번지,,,,
,,,,,,,,451,,1,,,,,전라남도 신안군 증도면 증동리 1863-1번지,,,,
,,,,,,,,452,,1,,,,,전라남도 신안군 증도면 증동리 1863번지,,,,
,,,,,,,,453,,1,,,,,전라남도 신안군 암태면 기동리 452-2번지,,,,
,,,,,,,,454,,1,,,,,전라남도 해남군 송지면 통호리 588-4번지,,,,
,,,,,,,,455,,1,,,,,전라남도 해남군 삼산면 구림리 138-32번지,,,,
,,,,,,,,456,,1,,,,,전라남도 해남군 문내면 무고리 1055번지,,,,
,,,,,,,,457,,1,,,,,전라남도 영암군 영암읍 개신리 319-4번지,,,,
,,,,,,,,458,,1,,,,,전라남도 영암군 군서면 도갑리 204-1번지,,,,
,,,,,,,,459,,1,,,,,전라남도 장흥군 안양면 비동리 188번지,,,,
,,,,,,,,460,,1,,,,,경상남도 남해군 서면 정포리 1028번지,,,,
,,,,,,,,461,,1,,,,,경상남도 통영시 용남면 삼화리 296-3번지,,,,
,,,,,,,,462,,1,,,,,강원도 고성군 토성면 봉포리 167-4번지,,,,
,,,,,,,,463,,1,,,,,전라북도 부안군 변산면 대항리 630-1번지,,,,
,,,,,,,,464,,1,,,,,경상북도 포항시 남구 장기면 대진리 192-8번지,,,,
,,,,,,,,465,,1,,,,,경상남도 거제시 동부면 구천리 896-2번지,,,,
,,,,,,,,466,,1,,,,,경상남도 의령군 궁류면 벽계리 453번지 벽계관광지 통나무집,,,,
,,,,,,,,467,,1,,,,,인천광역시 중구 중산동 1946-14 씨사이드에비뉴,,,,
,,,,,,,,468,,1,,,,,경상남도 남해군 미조면 송정리 967-2,,,,
,,,,,,,,469,,1,,,,,경상남도 남해군 미조면 송정리 967-2번지,,,,
,,,,,,,,470,,1,,,,,경상북도 청도군 각남면 구곡리 627-8번지,,,,
,,,,,,,,471,,1,,,,,강원도 홍천군 서면 모곡리 305-13번지,,,,
,,,,,,,,472,,1,,,,,강원도 홍천군 서면 모곡리 305-11번지,,,,
,,,,,,,,473,,1,,,,,강원도 홍천군 서면 모곡리 305-15번지,,,,
,,,,,,,,474,,1,,,,,강원도 홍천군 서면 모곡리 305-4번지,,,,
,,,,,,,,475,,1,,,,,강원도 홍천군 서면 모곡리 305-7번지,,,,
,,,,,,,,476,,1,,,,,경상남도 산청군 단성면 운리 73-50,,,,
,,,,,,,,477,,1,,,,,충청남도 보령시 남포면 월전리 616-15번지,,,,
,,,,,,,,478,,1,,,,,경상북도 문경시 가은읍 갈전리 603-1번지,,,,
,,,,,,,,479,,1,,,,,울산광역시 울주군 온산읍 강양리 63-2번지,,,,
,,,,,,,,480,,1,,,,,울산광역시 울주군 온산읍 강양리 63-2번지,,,,
,,,,,,,,481,,1,,,,,경기도 용인시 처인구 양지면 평창리 680번지,,,,
,,,,,,,,482,,1,,,,,전라남도 영암군 영암읍 개신리 484-30번지,,,,
,,,,,,,,483,,1,,,,,충청남도 보령시 신흑동 2261-3번지,,,,
,,,,,,,,484,,1,,,,,경상남도 거제시 남부면 갈곶리 387-8번지,,,,
,,,,,,,,485,,1,,,,,강원도 강릉시 안현동 188번지 바다가 좋아펜션,,,,
,,,,,,,,486,,1,,,,,강원도 양양군 손양면 동호리 1-20번지,,,,
,,,,,,,,487,,1,,,,,경상남도 남해군 상주면 상주리 100-1번지,,,,
,,,,,,,,488,,1,,,,,강원도 양양군 손양면 상왕도리 742,,,,
,,,,,,,,489,,1,,,,,경상북도 청도군 운문면 신원리 413,,,,
,,,,,,,,490,,1,,,,,경상북도 청도군 운문면 신원리 417,,,,
,,,,,,,,491,,1,,,,,경상남도 거제시 장목면 율천리 130-3 주2동,,,,
,,,,,,,,492,,1,,,,,경상남도 거제시 장목면 율천리 129-3 주2동,,,,
,,,,,,,,493,,1,,,,,경상남도 거제시 장목면 율천리 129-3,,,,
,,,,,,,,494,,1,,,,,"경상남도 거제시 장목면 율천리 129-3 주5,6동",,,,
,,,,,,,,495,,1,,,,,강원도 홍천군 서면 대곡리 1027-12,,,,
,,,,,,,,496,,1,,,,,강원도 강릉시 성산면 보광리 487,,,,
,,,,,,,,497,,1,,,,,강원도 강릉시 사천면 사천진리 192-4,,,,
,,,,,,,,498,,1,,,,,충청남도 태안군 안면읍 황도리 8-61,,,,
,,,,,,,,499,,1,,,,,전라북도 부안군 변산면 운산리 356-186,,,,
,,,,,,,,500,,1,,,,,경기도 화성시 서신면 제부리 41-4,,,,
,,,,,,,,501,,1,,,,,경상남도 통영시 한산면 비진리 364번지,,,,
,,,,,,,,502,,1,,,,,경상남도 통영시 산양읍 미남리 236번지,,,,
,,,,,,,,503,,1,,,,,경상남도 통영시 산양읍 영운리 29번지,,,,
,,,,,,,,504,,1,,,,,경상남도 통영시 용남면 화삼리 918번지,,,,
,,,,,,,,505,,1,,,,,경상남도 통영시 산양읍 미남리 467번지,,,,
,,,,,,,,506,,1,,,,,경상남도 통영시 용남면 장문리 911-2번지,,,,
,,,,,,,,507,,1,,,,,경상남도 통영시 용남면 장문리 911-4번지,,,,
,,,,,,,,508,,1,,,,,경상남도 통영시 용남면 화삼리 1번지,,,,
,,,,,,,,509,,1,,,,,강원도 원주시 지정면 판대리 370-26,,,,
,,,,,,,,510,,1,,,,,울산광역시 울주군 상북면 이천리 642-1번지,,,,
,,,,,,,,511,,1,,,,,울산광역시 울주군 상북면 이천리 520-1번지,,,,
,,,,,,,,512,,1,,,,,경상북도 영덕군 병곡면 병곡리 360번지,,,,
,,,,,,,,513,,1,,,,,경상북도 영덕군 강구면 금진리 23번지,,,,
,,,,,,,,514,,1,,,,,전라남도 순천시 대대동 232-6,,,,
,,,,,,,,515,,1,,,,,전라남도 순천시 대대동 229-1번지,,,,
,,,,,,,,516,,1,,,,,전라남도 보성군 보성읍 봉산리 795-13번지,,,,
,,,,,,,,517,,1,,,,,전라남도 보성군 회천면 동율리 732번지,,,,
,,,,,,,,518,,1,,,,,전라남도 순천시 대대동 229번지,,,,
,,,,,,,,519,,1,,,,,전라남도 순천시 해룡면 해창리 258-3,,,,
,,,,,,,,520,,1,,,,,전라남도 보성군 문덕면 용암리 1065-5번지,,,,
,,,,,,,,521,,1,,,,,"전라남도 고흥군 금산면 신평리 280번지 외 2필지(280-11, 277-9)",,,,
,,,,,,,,522,,1,,,,,전라남도 고흥군 금산면 신평리 277-3번지,,,,
,,,,,,,,523,,1,,,,,전라남도 고흥군 금산면 신평리 277-16번지,,,,
,,,,,,,,524,,1,,,,,전라남도 고흥군 금산면 신평리 1001-1,,,,
,,,,,,,,525,,1,,,,,전라남도 무안군 청계면 복길리 560번지,,,,
,,,,,,,,526,,1,,,,,전라남도 무안군 망운면 피서리 809-54,,,,
,,,,,,,,527,,1,,,,,전라남도 무안군 청계면 구로리 669,,,,
,,,,,,,,528,,1,,,,,전라남도 무안군 청계면 복길리 537-3번지,,,,
,,,,,,,,529,,1,,,,,전라남도 강진군 도암면 학장리 83-11번지 강진베이스볼파크,,,,
,,,,,,,,530,,1,,,,,전라남도 강진군 성전면 월하리 599번지 3,,,,
,,,,,,,,531,,1,,,,,전라남도 완도군 약산면 득암리 568-2번지,,,,
,,,,,,,,532,,1,,,,,전라남도 완도군 신지면 신리 530-18번지,,,,
,,,,,,,,533,,1,,,,,전라남도 완도군 신지면 신리 530-24,,,,
,,,,,,,,534,,1,,,,,전라남도 완도군 보길면 부황리 516-8번지,,,,
,,,,,,,,535,,1,,,,,전라남도 완도군 군외면 삼두리 234-8번지,,,,
,,,,,,,,536,,1,,,,,전라남도 완도군 보길면 예송리 225-2번지,,,,
,,,,,,,,537,,1,,,,,경기도 화성시 서신면 제부리 40-1,,,,
,,,,,,,,538,,1,,,,,경기도 화성시 서신면 제부리 10-20,,,,
,,,,,,,,539,,1,,,,,경기도 화성시 서신면 제부리 270-8,,,,
,,,,,,,,540,,1,,,,,경기도 화성시 서신면 제부리 103,,,,
,,,,,,,,541,,1,,,,,경기도 화성시 서신면 제부리 187 (및 187-2번지),,,,
,,,,,,,,542,,1,,,,,경기도 화성시 서신면 제부리 40-13,,,,
,,,,,,,,543,,1,,,,,경기도 화성시 서신면 제부리 290-1,,,,
,,,,,,,,544,,1,,,,,경기도 화성시 서신면 제부리 290-1,,,,
,,,,,,,,545,,1,,,,,경기도 화성시 서신면 제부리 95,,,,
,,,,,,,,546,,1,,,,,경기도 화성시 서신면 제부리 190-95,,,,
,,,,,,,,547,,1,,,,,경기도 화성시 서신면 제부리 198-5,,,,
,,,,,,,,548,,1,,,,,경기도 화성시 서신면 제부리 79-6,,,,
,,,,,,,,549,,1,,,,,경기도 화성시 서신면 제부리 290-97,,,,
,,,,,,,,550,,1,,,,,경기도 화성시 서신면 제부리 190-14,,,,
,,,,,,,,551,,1,,,,,경기도 화성시 서신면 제부리 40-5,,,,
,,,,,,,,552,,1,,,,,경기도 화성시 서신면 제부리 76,,,,
,,,,,,,,553,,1,,,,,경기도 화성시 서신면 제부리 288-58 외 제부리 288-100,,,,
,,,,,,,,554,,1,,,,,경기도 화성시 서신면 제부리 288-12,,,,
,,,,,,,,555,,1,,,,,경기도 화성시 서신면 제부리 288-121,,,,
,,,,,,,,556,,1,,,,,경기도 화성시 서신면 제부리 186-1,,,,
,,,,,,,,557,,1,,,,,경기도 화성시 서신면 제부리 40-8,,,,
,,,,,,,,558,,1,,,,,경기도 화성시 서신면 제부리 42-15,,,,
,,,,,,,,559,,1,,,,,경기도 화성시 서신면 제부리 96,,,,
,,,,,,,,560,,1,,,,,경기도 화성시 서신면 제부리 102,,,,
,,,,,,,,561,,1,,,,,경기도 화성시 서신면 제부리 190-191,,,,
,,,,,,,,562,,1,,,,,경기도 화성시 서신면 제부리 190-101,,,,
,,,,,,,,563,,1,,,,,경기도 화성시 서신면 제부리 198-6,,,,
,,,,,,,,564,,1,,,,,경기도 화성시 서신면 제부리 288-106,,,,
,,,,,,,,565,,1,,,,,경기도 화성시 서신면 제부리 42-7,,,,
,,,,,,,,566,,1,,,,,경기도 화성시 서신면 제부리 120,,,,
,,,,,,,,567,,1,,,,,경기도 화성시 서신면 제부리 270-6,,,,
,,,,,,,,568,,1,,,,,경기도 화성시 서신면 제부리 190-81,,,,
,,,,,,,,569,,1,,,,,경기도 화성시 서신면 제부리 190-81,,,,
,,,,,,,,570,,1,,,,,경기도 화성시 서신면 제부리 10-2,,,,
,,,,,,,,571,,1,,,,,경기도 화성시 서신면 제부리 10-25,,,,
,,,,,,,,572,,1,,,,,경기도 화성시 서신면 제부리 40-14,,,,
,,,,,,,,573,,1,,,,,경기도 화성시 서신면 제부리 217-2,,,,
,,,,,,,,574,,1,,,,,경기도 화성시 서신면 제부리 190-150,,,,
,,,,,,,,575,,1,,,,,경기도 화성시 서신면 제부리 190-28,,,,
,,,,,,,,576,,1,,,,,경기도 화성시 서신면 제부리 41-1,,,,
,,,,,,,,577,,1,,,,,충청남도 공주시 반포면 학봉리 724번지,,,,
,,,,,,,,578,,1,,,,,충청남도 공주시 무릉동 473번지,,,,
,,,,,,,,579,,1,,,,,경상남도 남해군 서면 서상리 1138번지,,,,
,,,,,,,,580,,1,,,,,충청남도 태안군 원북면 신두리 1233-32번지,,,,
,,,,,,,,581,,1,,,,,전라남도 신안군 비금면 가산리 179-1번지,,,,
,,,,,,,,582,,1,,,,,강원도 속초시 도문동 1413-1번지,,,,
,,,,,,,,583,,1,,,,,충청남도 태안군 남면 몽산리 967번지,,,,
,,,,,,,,584,,1,,,,,충청남도 공주시 반포면 학봉리 674-3,,,,
,,,,,,,,585,,1,,,,,강원도 양양군 현남면 죽리 216-1번지,,,,
,,,,,,,,586,,1,,,,,경기도 양평군 양서면 양수리 359번지,,,,
,,,,,,,,587,,1,,,,,충청남도 보령시 오천면 영보리 348-2번지 더반힐,,,,
,,,,,,,,588,,1,,,,,경상남도 통영시 용남면 화삼리 2-5번지,,,,
,,,,,,,,589,,1,,,,,경상북도 포항시 남구 호미곶면 구만리 646-5번지,,,,
,,,,,,,,590,,1,,,,,경상북도 포항시 북구 송라면 지경리 407-39번지,,,,
,,,,,,,,591,,1,,,,,인천광역시 옹진군 북도면 장봉리 1302-5 음식점,,,,
,,,,,,,,592,,1,,,,,경기도 화성시 서신면 제부리 290-9,,,,
,,,,,,,,593,,1,,,,,경상북도 청도군 금천면 소천리 500-2,,,,
,,,,,,,,594,,1,,,,,충청남도 예산군 덕산면 사동리 408,,,,
,,,,,,,,595,,1,,,,,충청북도 진천군 진천읍 원덕리 225-1,,,,
,,,,,,,,596,,1,,,,,전라북도 순창군 복흥면 대방리 212-4,,,,
,,,,,,,,597,,1,,,,,전라남도 여수시 오천동 348,,,,
,,,,,,,,598,,1,,,,,강원도 홍천군 서면 굴업리 280-1,,,,
,,,,,,,,599,,1,,,,,경상남도 거제시 일운면 망치리 438-1번지,,,,
,,,,,,,,600,,1,,,,,경상남도 거제시 일운면 망치리 438-1번지,,,,
,,,,,,,,601,,1,,,,,경상남도 거제시 일운면 망치리 438-7번지,,,,
,,,,,,,,602,,1,,,,,경상남도 거제시 일운면 망치리 731-2번지,,,,
,,,,,,,,603,,1,,,,,경상남도 거제시 일운면 망치리 569번지,,,,
,,,,,,,,604,,1,,,,,경상남도 거제시 동부면 학동리 272-1번지,,,,
,,,,,,,,605,,1,,,,,경상남도 거제시 장목면 외포리 1252-21번지,,,,
,,,,,,,,606,,1,,,,,강원도 철원군 동송읍 상노리 810-5,,,,
,,,,,,,,607,,1,,,,,강원도 철원군 서면 와수리 1157-7,,,,
,,,,,,,,608,,1,,,,,강원도 철원군 서면 와수리 885번지,,,,
,,,,,,,,609,,1,,,,,강원도 철원군 서면 와수리 885번지,,,,
,,,,,,,,610,,1,,,,,강원도 정선군 북평면 나전리 257-1번지 1통4반,,,,
,,,,,,,,611,,1,,,,,강원도 정선군 남면 무릉리 741-9번지,,,,
,,,,,,,,612,,1,,,,,강원도 정선군 여량면 유천리 277번지,,,,
,,,,,,,,613,,1,,,,,강원도 정선군 정선읍 덕우리 515-7번지,,,,
,,,,,,,,614,,1,,,,,강원도 삼척시 근덕면 장호리 3-43,,,,
,,,,,,,,615,,1,,,,,강원도 홍천군 남면 화전리 352번지,,,,
,,,,,,,,616,,1,,,,,강원도 홍천군 서면 팔봉리 80번지,,,,
,,,,,,,,617,,1,,,,,강원도 홍천군 서면 팔봉리 81-5번지,,,,
,,,,,,,,618,,1,,,,,강원도 삼척시 도계읍 심포리 231-3,,,,
,,,,,,,,619,,1,,,,,강원도 삼척시 미로면 내미로리 167,,,,
,,,,,,,,620,,1,,,,,강원도 홍천군 서면 어유포리 294-1번지,,,,
,,,,,,,,621,,1,,,,,강원도 홍천군 북방면 노일리 955번지,,,,
,,,,,,,,622,,1,,,,,강원도 홍천군 서면 팔봉리 85번지,,,,
,,,,,,,,623,,1,,,,,강원도 홍천군 화촌면 장평리 928,,,,
,,,,,,,,624,,1,,,,,강원도 홍천군 북방면 장항리 118-1번지,,,,
,,,,,,,,625,,1,,,,,전라남도 보성군 문덕면 죽산리 104-12번지,,,,
,,,,,,,,626,,1,,,,,충청남도 보령시 신흑동 2306-1번지,,,,
,,,,,,,,627,,1,,,,,충청남도 보령시 신흑동 2304-5번지,,,,
,,,,,,,,628,,1,,,,,경상북도 포항시 남구 호미곶면 강사리 194번지,,,,
,,,,,,,,629,,1,,,,,경상북도 포항시 북구 청하면 이가리 556-1,,,,
,,,,,,,,630,,1,,,,,경상북도 포항시 북구 청하면 청진리 65-1번지,,,,
,,,,,,,,631,,1,,,,,경상북도 포항시 남구 호미곶면 강사리,,,,
,,,,,,,,632,,1,,,,,경상북도 포항시 북구 송라면 광천리 491-1번지,,,,
,,,,,,,,633,,1,,,,,인천광역시 옹진군 영흥면 내리 738-5 자연의집 펜션,,,,
,,,,,,,,634,,1,,,,,강원도 양양군 강현면 회룡리 347번지,,,,
,,,,,,,,635,,1,,,,,강원도 양양군 서면 내현리 30-14번지,,,,
,,,,,,,,636,,1,,,,,강원도 양양군 강현면 하복리 491,,,,
,,,,,,,,637,,1,,,,,강원도 양양군 강현면 물갑리 254-5,,,,
,,,,,,,,638,,1,,,,,강원도 양양군 손양면 수산리 6번지,,,,
,,,,,,,,639,,1,,,,,강원도 양양군 양양읍 거마리 356번지,,,,
,,,,,,,,640,,1,,,,,강원도 양양군 현북면 중광정리 121-4번지,,,,
,,,,,,,,641,,1,,,,,강원도 양양군 현북면 중광정리 121-4번지,,,,
,,,,,,,,642,,1,,,,,강원도 양양군 현북면 하광정리 638-5,,,,
,,,,,,,,643,,1,,,,,전라북도 무주군 무풍면 삼거리 127-11번지,,,,
,,,,,,,,644,,1,,,,,경상남도 남해군 미조면 송정리 550-3번지,,,,
,,,,,,,,645,,1,,,,,전라남도 보성군 회천면 벽교리 520-32번지,,,,
,,,,,,,,646,,1,,,,,경기도 용인시 처인구 원삼면 목신리 375-3,,,,
,,,,,,,,647,,1,,,,,경상남도 통영시 산양읍 신전리 173-1번지,,,,
,,,,,,,,648,,1,,,,,전라남도 해남군 화원면 영호리 2-14번지,,,,
,,,,,,,,649,,1,,,,,전라남도 신안군 압해읍 복룡리 147번지 아름다운펜션,,,,
,,,,,,,,650,,1,,,,,경상북도 포항시 북구 송라면 방석리 100번지,,,,
,,,,,,,,651,,1,,,,,경상북도 포항시 북구 송라면 방석리 100번지,,,,
,,,,,,,,652,,1,,,,,경상북도 포항시 북구 송라면 방석리 100번지,,,,
,,,,,,,,653,,1,,,,,경상북도 포항시 북구 송라면 방석리 100번지,,,,
,,,,,,,,654,,1,,,,,경상남도 거제시 남부면 갈곶리 80-15번지 해금강휴게소,,,,
,,,,,,,,655,,1,,,,,충청남도 보령시 신흑동 2257-1번지,,,,
,,,,,,,,656,,1,,,,,"경상남도 통영시 광도면 덕포리 874번지 4,5,6동",,,,
,,,,,,,,657,,1,,,,,경상남도 통영시 평림동 985번지 가동,,,,
,,,,,,,,658,,1,,,,,강원도 원주시 판부면 금대리 1298,,,,
,,,,,,,,659,,1,,,,,전라남도 완도군 금일읍 동백리 102-1,,,,
,,,,,,,,660,,1,,,,,강원도 춘천시 서면 월송리 770-7,,,,
,,,,,,,,661,,1,,,,,강원도 강릉시 저동 42-6,,,,
,,,,,,,,662,,1,,,,,강원도 강릉시 저동 42-23,,,,
,,,,,,,,663,,1,,,,,전라남도 곡성군 죽곡면 하한리 977-4,,,,
,,,,,,,,664,,1,,,,,전라남도 고흥군 영남면 우천리 120,,,,
,,,,,,,,665,,1,,,,,경기도 양평군 단월면 산음리 856-2,,,,
,,,,,,,,666,,1,,,,,전라남도 완도군 신지면 신리 992-9,,,,
,,,,,,,,667,,1,,,,,인천광역시 옹진군 영흥면 내리 1527-62,,,,
,,,,,,,,668,,1,,,,,경상남도 사천시 서포면 비토리 산 43-4,,,,
,,,,,,,,669,,1,,,,,경기도 화성시 서신면 제부리 190-29,,,,
,,,,,,,,670,,1,,,,,강원도 고성군 죽왕면 문암진리 364-23,,,,
,,,,,,,,671,,1,,,,,경상북도 경주시 구정동 278-4,,,,
,,,,,,,,672,,1,,,,,강원도 원주시 지정면 판대리 39-3,,,,
,,,,,,,,673,,1,,,,,경상남도 통영시 도산면 법송리 175-3,,,,
,,,,,,,,674,,1,,,,,강원도 횡성군 갑천면 삼거리 101-2,,,,
,,,,,,,,675,,1,,,,,강원도 고성군 토성면 성대리 215-20,,,,
,,,,,,,,676,,1,,,,,강원도 영월군 주천면 신일리 901,,,,
,,,,,,,,677,,1,,,,,경상남도 통영시 산양읍 남평리 294,,,,
,,,,,,,,678,,1,,,,,경상북도 안동시 풍산읍 회곡리 755-3,,,,
,,,,,,,,679,,1,,,,,부산광역시 해운대구 중동 1021-3,,,,
,,,,,,,,680,,1,,,,,전라남도 고흥군 동일면 덕흥리 산 124-6,,,,
,,,,,,,,681,,1,,,,,경기도 가평군 상면 행현리 644,,,,
,,,,,,,,682,,1,,,,,충청북도 단양군 대강면 사인암리 18-2,,,,
,,,,,,,,683,,1,,,,,강원도 강릉시 연곡면 삼산리 706,,,,
,,,,,,,,684,,1,,,,,경상북도 청도군 청도읍 거연리 794,,,,
,,,,,,,,685,,1,,,,,경기도 가평군 청평면 대성리 406-1,,,,
,,,,,,,,686,,1,,,,,경기도 가평군 조종면 운악리 417-10,,,,
,,,,,,,,687,,1,,,,,충청남도 금산군 금산읍 상옥리 183-2,,,,
,,,,,,,,688,,1,,,,,경상남도 통영시 도산면 오륜리 549-4,,,,
,,,,,,,,689,,1,,,,,경상남도 통영시 도산면 오륜리 549-1,,,,
,,,,,,,,690,,1,,,,,경상북도 경주시 감포읍 노동리 553-4,,,,
,,,,,,,,691,,1,,,,,충청북도 제천시 봉양읍 옥전리 58-13,,,,
,,,,,,,,692,,1,,,,,인천광역시 강화군 길상면 선두리 1049-12,,,,
,,,,,,,,693,,1,,,,,강원도 강릉시 사천면 판교리 514-4,,,,
,,,,,,,,694,,1,,,,,인천광역시 옹진군 영흥면 내리 1624,,,,
,,,,,,,,695,,1,,,,,경상남도 거제시 거제면 외간리 636-38 주8동,,,,
,,,,,,,,696,,1,,,,,경상남도 거제시 거제면 외간리 636-35 주5동,,,,
,,,,,,,,697,,1,,,,,경상남도 거제시 거제면 외간리 636-37 주7동,,,,
,,,,,,,,698,,1,,,,,경상남도 남해군 창선면 동대리 244-1번지 남해관광펜션,,,,
,,,,,,,,699,,1,,,,,경상남도 남해군 서면 서상리 1151번지,,,,
,,,,,,,,700,,1,,,,,경상남도 남해군 삼동면 동천리 307-4번지,,,,
,,,,,,,,701,,1,,,,,경상남도 남해군 서면 서상리 1151-1번지,,,,
,,,,,,,,702,,1,,,,,경상남도 남해군 남면 홍현리 268-1번지,,,,
,,,,,,,,703,,1,,,,,경상남도 남해군 남면 홍현리 196번지,,,,
,,,,,,,,704,,1,,,,,경상남도 남해군 남면 홍현리 196번지,,,,
,,,,,,,,705,,1,,,,,경상남도 남해군 남면 평산리 1079번지,,,,
,,,,,,,,706,,1,,,,,경상남도 남해군 남면 평산리 1070번지,,,,
,,,,,,,,707,,1,,,,,경상남도 남해군 남면 평산리 1067번지,,,,
,,,,,,,,708,,1,,,,,경상남도 거제시 일운면 소동리 146-1번지,,,,
,,,,,,,,709,,1,,,,,경상남도 거제시 일운면 망치리 731-4번지,,,,
,,,,,,,,710,,1,,,,,경상남도 거제시 장목면 시방리 301-10번지,,,,
,,,,,,,,711,,1,,,,,경상남도 거제시 하청면 연구리 410-2번지,,,,
,,,,,,,,712,,1,,,,,경상남도 거제시 하청면 연구리 412-1번지,,,,
,,,,,,,,713,,1,,,,,경상남도 사천시 서포면 비토리 산 9-77,,,,
,,,,,,,,714,,1,,,,,경상남도 사천시 신수동 334-3,,,,
,,,,,,,,715,,1,,,,,경상남도 사천시 서포면 비토리 산 9-43,,,,
,,,,,,,,716,,1,,,,,경상남도 사천시 서포면 비토리 264-3,,,,
,,,,,,,,717,,1,,,,,경상남도 통영시 산양읍 신전리 289-2번지,,,,
,,,,,,,,718,,1,,,,,경상남도 통영시 도산면 수월리 1267-1,,,,
,,,,,,,,719,,1,,,,,경상남도 통영시 용남면 화삼리 2번지,,,,
,,,,,,,,720,,1,,,,,경상남도 통영시 산양읍 영운리 404-3번지,,,,
,,,,,,,,721,,1,,,,,경상남도 통영시 산양읍 미남리 457-3번지,,,,
,,,,,,,,722,,1,,,,,경상남도 통영시 인평동 1266번지,,,,
,,,,,,,,723,,1,,,,,경상남도 통영시 도산면 수월리 178번지,,,,
,,,,,,,,724,,1,,,,,경상남도 통영시 평림동 635번지,,,,
,,,,,,,,725,,1,,,,,강원도 화천군 화천읍 중리 98-5번지,,,,
,,,,,,,,726,,1,,,,,강원도 화천군 화천읍 중리 98-5번지,,,,
,,,,,,,,727,,1,,,,,강원도 평창군 봉평면 유포리 227-3번지,,,,
,,,,,,,,728,,1,,,,,강원도 평창군 봉평면 원길리 1041-1번지,,,,
,,,,,,,,729,,1,,,,,강원도 평창군 봉평면 평촌리 550-1번지,,,,
,,,,,,,,730,,1,,,,,강원도 평창군 방림면 계촌리 2228-2번지,,,,
,,,,,,,,731,,1,,,,,강원도 평창군 진부면 상월오개리 404번지 1통,,,,
,,,,,,,,732,,1,,,,,강원도 평창군 봉평면 평촌리 550-2번지,,,,
,,,,,,,,733,,1,,,,,강원도 홍천군 화촌면 군업리 959번지,,,,
,,,,,,,,734,,1,,,,,강원도 홍천군 서석면 어론리 886-3번지,,,,
,,,,,,,,735,,1,,,,,강원도 홍천군 서면 대곡리 1040-1,,,,
,,,,,,,,736,,1,,,,,강원도 홍천군 동면 덕치리 267-4번지,,,,
,,,,,,,,737,,1,,,,,강원도 홍천군 서면 대곡리 1028-12,,,,
,,,,,,,,738,,1,,,,,강원도 홍천군 화촌면 군업리 884,,,,
,,,,,,,,739,,1,,,,,강원도 강릉시 연곡면 삼산리 141번지,,,,
,,,,,,,,740,,1,,,,,강원도 강릉시 연곡면 삼산리 95번지,,,,
,,,,,,,,741,,1,,,,,강원도 강릉시 안현동 348-3,,,,
,,,,,,,,742,,1,,,,,강원도 고성군 토성면 천진리 105,,,,
,,,,,,,,743,,1,,,,,강원도 고성군 토성면 청간리,,,,
,,,,,,,,744,,1,,,,,강원도 고성군 토성면 아야진리 181-4번지,,,,
,,,,,,,,745,,1,,,,,강원도 고성군 간성읍 동호리 308-3,,,,
,,,,,,,,746,,1,,,,,경상북도 안동시 와룡면 중가구리 435-2,,,,
,,,,,,,,747,,1,,,,,전라북도 무주군 설천면 삼공리 373-19번지,,,,
,,,,,,,,748,,1,,,,,강원도 춘천시 남산면 서천리 524-6,,,,
,,,,,,,,749,,1,,,,,전라남도 보성군 벌교읍 장양리 565-5,,,,
,,,,,,,,750,,1,,,,,경기도 양평군 옥천면 신복리 703-76,,,,
,,,,,,,,751,,1,,,,,경상북도 경주시 하동 836-16,,,,
,,,,,,,,752,,1,,,,,경기도 화성시 서신면 제부리 190-102,,,,
,,,,,,,,753,,1,,,,,충청남도 보령시 신흑동 2306-10,,,,
,,,,,,,,754,,1,,,,,경상북도 포항시 남구 호미곶면 대보리 1-12,,,,
,,,,,,,,755,,1,,,,,경상남도 통영시 산양읍 신전리 173-4,,,,
,,,,,,,,756,,1,,,,,강원도 양양군 현북면 하광정리 596-7,,,,
,,,,,,,,757,,1,,,,,경기도 화성시 서신면 제부리 79-1 (제부리 79-5),,,,
,,,,,,,,758,,1,,,,,충청남도 청양군 대치면 광대리 270-3,,,,
,,,,,,,,759,,1,,,,,경상북도 영덕군 병곡면 백석리 473-6,,,,
,,,,,,,,760,,1,,,,,경상북도 경주시 외동읍 신계리 740-7,,,,
,,,,,,,,761,,1,,,,,전라북도 군산시 옥도면 선유도리 353,,,,
,,,,,,,,762,,1,,,,,경상남도 남해군 남면 평산리 1004,,,,
,,,,,,,,763,,1,,,,,전라남도 진도군 의신면 금갑리 478,,,,
,,,,,,,,764,,1,,,,,경상북도 포항시 남구 호미곶면 구만리 3-3,,,,
,,,,,,,,765,,1,,,,,경상북도 포항시 남구 호미곶면 구만리 3,,,,
,,,,,,,,766,,1,,,,,경상북도 경주시 외동읍 신계리 921-2,,,,
,,,,,,,,767,,1,,,,,전라남도 무안군 청계면 구로리 669,,,,
,,,,,,,,768,,1,,,,,전라남도 강진군 성전면 월남리 725-1,,,,
,,,,,,,,769,,1,,,,,경상북도 영덕군 강구면 하저리 10-2,,,,
,,,,,,,,770,,1,,,,,경상남도 남해군 남면 홍현리 366-1,,,,
,,,,,,,,771,,1,,,,,충청남도 서산시 음암면 탑곡리 864-19,,,,
,,,,,,,,772,,1,,,,,전라남도 장성군 북하면 쌍웅리 237-16,,,,
,,,,,,,,773,,1,,,,,경기도 가평군 조종면 상판리 120-5,,,,
,,,,,,,,774,,1,,,,,인천광역시 강화군 화도면 장화리 285-8 고벵이펜션,,,,
,,,,,,,,775,,1,,,,,경상남도 사천시 서포면 비토리 264-5,,,,
,,,,,,,,776,,1,,,,,경상북도 경주시 양남면 하서리 317,,,,
,,,,,,,,777,,1,,,,,경상북도 경주시 양남면 하서리 317,,,,
,,,,,,,,778,,1,,,,,경상북도 경주시 양남면 하서리 317-2,,,,
,,,,,,,,779,,1,,,,,경상북도 경주시 외동읍 신계리 536,,,,
,,,,,,,,780,,1,,,,,경기도 이천시 모가면 양평리 215-5,,,,
,,,,,,,,781,,1,,,,,경기도 가평군 설악면 이천리 230-1,,,,
,,,,,,,,782,,1,,,,,강원도 춘천시 남산면 서천리 624,,,,
,,,,,,,,783,,1,,,,,울산광역시 북구 구유동 167,,,,
,,,,,,,,784,,1,,,,,경상북도 울릉군 울릉읍 사동리 879-7,,,,
,,,,,,,,785,,1,,,,,전라남도 담양군 월산면 오성리 산 119,,,,
,,,,,,,,786,,1,,,,,충청남도 논산시 벌곡면 양산리 298-1,,,,
,,,,,,,,787,,1,,,,,전라북도 무주군 설천면 심곡리 551-9,,,,
,,,,,,,,788,,1,,,,,인천광역시 옹진군 자월면 승봉리 604 바다로가는길목민박,,,,
,,,,,,,,789,,1,,,,,경상남도 통영시 산양읍 연화리 41,,,,
,,,,,,,,790,,1,,,,,전라남도 무안군 해제면 창매리 858-1,,,,
,,,,,,,,791,,1,,,,,전라남도 고흥군 금산면 신촌리 1246,,,,
,,,,,,,,792,,1,,,,,강원도 홍천군 서면 굴업리 312,,,,
,,,,,,,,793,,1,,,,,전라북도 부안군 변산면 격포리 282-24,,,,
,,,,,,,,794,,1,,,,,강원도 강릉시 초당동 316,,,,
,,,,,,,,795,,1,,,,,전라북도 군산시 옥도면 선유도리 25 망주봉 산장,,,,
,,,,,,,,796,,1,,,,,경상남도 남해군 창선면 부윤리 71-11,,,,
,,,,,,,,797,,1,,,,,전라북도 무주군 설천면 삼공리 530-1,,,,
,,,,,,,,798,,1,,,,,경상남도 거제시 하청면 석포리 348,,,,
,,,,,,,,799,,1,,,,,강원도 속초시 도문동 663-1,,,,
,,,,,,,,800,,1,,,,,경상남도 산청군 신안면 외송리 1052,,,,
,,,,,,,,801,,1,,,,,경상남도 밀양시 단장면 고례리 1549-4번지,,,,
,,,,,,,,802,,1,,,,,경상남도 밀양시 단장면 범도리 850번지,,,,
,,,,,,,,803,,1,,,,,경상남도 고성군 삼산면 장치리 586-1,,,,
,,,,,,,,804,,1,,,,,경상남도 거제시 일운면 와현리 611번지,,,,
,,,,,,,,805,,1,,,,,경상남도 거제시 일운면 구조라리 781-2번지,,,,
,,,,,,,,806,,1,,,,,경상남도 거제시 일운면 구조라리 420-2,,,,
,,,,,,,,807,,1,,,,,경상남도 남해군 미조면 송정리 304-4번지,,,,
,,,,,,,,808,,1,,,,,경상남도 남해군 서면 작장리 682-2번지 펜션남해스토리,,,,
,,,,,,,,809,,1,,,,,경상남도 남해군 창선면 서대리 477-2,,,,
,,,,,,,,810,,1,,,,,경기도 김포시 월곶면 성동리 169-1번지,,,,
,,,,,,,,811,,1,,,,,충청남도 공주시 사곡면 고당리 262-3,,,,
,,,,,,,,812,,1,,,,,충청남도 공주시 사곡면 고당리 262-6번지,,,,
,,,,,,,,813,,1,,,,,전라남도 영암군 영암읍 개신리 319-6번지,,,,
,,,,,,,,814,,1,,,,,전라남도 영암군 영암읍 회문리 21-3번지 영암펜션,,,,
,,,,,,,,815,,1,,,,,충청남도 태안군 안면읍 승언리 1332번지,,,,
,,,,,,,,816,,1,,,,,충청남도 공주시 사곡면 고당리 300-1번지,,,,
,,,,,,,,817,,1,,,,,강원도 춘천시 서면 신매리 67-8,,,,
,,,,,,,,818,,1,,,,,강원도 강릉시 사천면 사천진리 192-5,,,,
,,,,,,,,819,,1,,,,,경상남도 거제시 동부면 율포리 811-1,,,,
,,,,,,,,820,,1,,,,,충청남도 태안군 남면 신온리 833-168,,,,
,,,,,,,,821,,1,,,,,충청남도 태안군 남면 몽산리 603-12,,,,
,,,,,,,,822,,1,,,,,전라북도 무주군 설천면 심곡리 617-1,,,,
,,,,,,,,823,,1,,,,,전라북도 무주군 설천면 삼공리 810-3,,,,
,,,,,,,,824,,1,,,,,전라북도 무주군 설천면 심곡리 738-1,,,,
,,,,,,,,825,,1,,,,,경상남도 합천군 용주면 가호리 328-2,,,,
,,,,,,,,826,,1,,,,,충청남도 태안군 소원면 모항리 829-3,,,,
,,,,,,,,827,,1,,,,,경기도 남양주시 오남읍 팔현리 249-1,,,,
,,,,,,,,828,,1,,,,,경상남도 통영시 사량면 금평리 1097-7,,,,
,,,,,,,,829,,1,,,,,강원도 삼척시 근덕면 용화리 14-18 스테이용화,,,,
,,,,,,,,830,,1,,,,,전라북도 진안군 부귀면 봉암리 330-3,,,,
,,,,,,,,831,,1,,,,,전라남도 화순군 동면 경치리 472,,,,
,,,,,,,,832,,1,,,,,경상남도 남해군 이동면 화계리 638,,,,
,,,,,,,,833,,1,,,,,전라남도 진도군 진도읍 산월리 631-12,,,,
,,,,,,,,834,,1,,,,,경상북도 영덕군 영덕읍 대부리 106-1,,,,
,,,,,,,,835,,1,,,,,경상북도 경주시 구정동 278-6,,,,
,,,,,,,,836,,1,,,,,경상북도 문경시 마성면 신현리 110-9,,,,
,,,,,,,,837,,1,,,,,경상북도 문경시 마성면 신현리 110-13,,,,
,,,,,,,,838,,1,,,,,경상남도 사천시 서포면 비토리 264-4,,,,
,,,,,,,,839,,1,,,,,경상북도 칠곡군 동명면 기성리 807,,,,
,,,,,,,,840,,1,,,,,강원도 홍천군 북방면 노일리 736,,,,
,,,,,,,,841,,1,,,,,강원도 홍천군 북방면 노일리 736-1,,,,
,,,,,,,,842,,1,,,,,충청남도 태안군 안면읍 황도리 69,,,,
,,,,,,,,843,,1,,,,,인천광역시 강화군 길상면 선두리 1032-24 해밀카페,,,,
,,,,,,,,844,,1,,,,,인천광역시 강화군 화도면 여차리 931-2 나눔펜션,,,,
,,,,,,,,845,,1,,,,,충청남도 공주시 무릉동 462,,,,
,,,,,,,,846,,1,,,,,전라남도 구례군 토지면 외곡리 159-4,,,,
,,,,,,,,847,,1,,,,,경상북도 문경시 문경읍 상초리 324-7,,,,
,,,,,,,,848,,1,,,,,경상남도 통영시 산양읍 남평리 1284-3,,,,
,,,,,,,,849,,1,,,,,경상남도 거창군 위천면 장기리 140,,,,
,,,,,,,,850,,1,,,,,충청남도 공주시 유구읍 연종리 88,,,,
,,,,,,,,851,,1,,,,,경상남도 남해군 남면 당항리 32,,,,
,,,,,,,,852,,1,,,,,강원도 평창군 평창읍 후평리 376-4 청성애원,,,,
,,,,,,,,853,,1,,,,,인천광역시 강화군 화도면 장화리 485-3,,,,
,,,,,,,,854,,1,,,,,인천광역시 강화군 화도면 장화리 485-18,,,,
,,,,,,,,855,,1,,,,,전라남도 보성군 회천면 군농리 1092-3,,,,
,,,,,,,,856,,1,,,,,전라남도 보성군 회천면 군농리 1092-2,,,,
,,,,,,,,857,,1,,,,,전라남도 보성군 회천면 군농리 1092-4,,,,
,,,,,,,,858,,1,,,,,경상북도 청도군 화양읍 교촌리 228,,,,
,,,,,,,,859,,1,,,,,경상북도 문경시 불정동 312,,,,
,,,,,,,,860,,1,,,,,충청북도 제천시 청풍면 북진리 322,,,,
,,,,,,,,861,,1,,,,,경상북도 경주시 마동 545-1,,,,
,,,,,,,,862,,1,,,,,경상북도 경주시 마동 545-1,,,,
,,,,,,,,863,,1,,,,,부산광역시 기장군 기장읍 시랑리 691-6,,,,
,,,,,,,,864,,1,,,,,경기도 남양주시 오남읍 오남리 23-12번지,,,,
,,,,,,,,865,,1,,,,,경기도 가평군 청평면 호명리 339-6,,,,
,,,,,,,,866,,1,,,,,경기도 가평군 청평면 고성리 717,,,,
,,,,,,,,867,,1,,,,,경기도 가평군 조종면 상판리 147,,,,
,,,,,,,,868,,1,,,,,경기도 가평군 청평면 상천리 129 4동 2층,,,,
,,,,,,,,869,,1,,,,,경기도 가평군 설악면 회곡리 247-1,,,,
,,,,,,,,870,,1,,,,,경기도 가평군 가평읍 두밀리 129-1,,,,
,,,,,,,,871,,1,,,,,경기도 가평군 청평면 호명리 339-3,,,,
,,,,,,,,872,,1,,,,,경기도 가평군 설악면 가일리 226-5번지,,,,
,,,,,,,,873,,1,,,,,전라북도 부안군 변산면 대항리 616-3,,,,
,,,,,,,,874,,1,,,,,인천광역시 중구 중산동 1946-18 블루오션프라자,,,,
,,,,,,,,875,,1,,,,,충청남도 보령시 신흑동 2256-7번지,,,,
,,,,,,,,876,,1,,,,,경상남도 통영시 산양읍 풍화리 339-2번지,,,,
,,,,,,,,877,,1,,,,,충청남도 태안군 안면읍 황도리 64-9번지,,,,
,,,,,,,,878,,1,,,,,충청남도 태안군 안면읍 황도리 64-9번지,,,,
,,,,,,,,879,,1,,,,,충청남도 태안군 안면읍 황도리 64-9번지,,,,
,,,,,,,,880,,1,,,,,인천광역시 강화군 화도면 동막리 55-7,,,,
,,,,,,,,881,,1,,,,,강원도 홍천군 내면 율전리 1228,,,,
,,,,,,,,882,,1,,,,,충청남도 태안군 안면읍 승언리 2545,,,,
,,,,,,,,883,,1,,,,,경상남도 남해군 남면 석교리 431,,,,
,,,,,,,,884,,1,,,,,경상북도 경주시 구정동 291-14 블리블리키즈풀빌라,,,,
,,,,,,,,885,,1,,,,,강원도 원주시 신림면 금창리 467-5,,,,
,,,,,,,,886,,1,,,,,전라남도 고흥군 영남면 우천리 571,,,,
,,,,,,,,887,,1,,,,,경상북도 문경시 가은읍 완장리 543,,,,
,,,,,,,,888,,1,,,,,경상북도 문경시 가은읍 원북리 378,,,,
,,,,,,,,889,,1,,,,,경기도 가평군 가평읍 복장리 422,,,,
,,,,,,,,890,,1,,,,,경상북도 청도군 풍각면 수월리 195,,,,
,,,,,,,,891,,1,,,,,강원도 강릉시 안현동 224-56,,,,
,,,,,,,,892,,1,,,,,강원도 양구군 동면 원당리 130,,,,
,,,,,,,,893,,1,,,,,전라북도 무주군 설천면 소천리 1208,,,,
,,,,,,,,894,,1,,,,,충청북도 충주시 수안보면 온천리 472번지 외 1필지,,,,
,,,,,,,,895,,1,,,,,충청북도 제천시 한수면 송계리 106번지,,,,
,,,,,,,,896,,1,,,,,충청북도 단양군 가곡면 가대리 1127번지,,,,
,,,,,,,,897,,1,,,,,인천광역시 강화군 삼산면 매음리 1055-2,,,,
,,,,,,,,898,,1,,,,,인천광역시 강화군 화도면 사기리,,,,
,,,,,,,,899,,1,,,,,인천광역시 강화군 화도면 동막리 165번지,,,,
,,,,,,,,900,,1,,,,,인천광역시 강화군 화도면 동막리 산 125-1번지,,,,
,,,,,,,,901,,1,,,,,인천광역시 강화군 화도면 동막리 184-1번지,,,,
,,,,,,,,902,,1,,,,,인천광역시 강화군 화도면 동막리 66-30번지,,,,
,,,,,,,,903,,1,,,,,인천광역시 강화군 삼산면 매음리 886-5번지,,,,
,,,,,,,,904,,1,,,,,인천광역시 강화군 화도면 사기리 514-3번지,,,,
,,,,,,,,905,,1,,,,,인천광역시 강화군 화도면 동막리 61-19번지,,,,
,,,,,,,,906,,1,,,,,경상남도 하동군 금남면 중평리 835-1,,,,
,,,,,,,,907,,1,,,,,경기도 파주시 탄현면 축현리 137-1번지,,,,
,,,,,,,,908,,1,,,,,경상북도 영덕군 병곡면 병곡리 21번지,,,,
,,,,,,,,909,,1,,,,,경상북도 경주시 감포읍 나정리 산 42-2번지,,,,
,,,,,,,,910,,1,,,,,경상남도 거제시 일운면 구조라리 561-6번지,,,,
,,,,,,,,911,,1,,,,,강원도 홍천군 서면 굴업리 310-1번지,,,,
,,,,,,,,912,,1,,,,,강원도 홍천군 서면 굴업리 311-4,,,,
,,,,,,,,913,,1,,,,,강원도 홍천군 서면 굴업리 312-17,,,,
,,,,,,,,914,,1,,,,,경기도 화성시 서신면 제부리 41-17,,,,
,,,,,,,,915,,1,,,,,전라북도 무주군 설천면 심곡리 624-1,,,,
,,,,,,,,916,,1,,,,,강원도 춘천시 신동면 증리 68,,,,
,,,,,,,,917,,1,,,,,경기도 가평군 상면 행현리 805-4,,,,
,,,,,,,,918,,1,,,,,경기도 양주시 장흥면 삼상리 174-1,,,,
,,,,,,,,919,,1,,,,,경상남도 남해군 남면 홍현리 1428,,,,
,,,,,,,,920,,1,,,,,경상남도 창원시 마산합포구 진동면 다구리 158-1,,,,
,,,,,,,,921,,1,,,,,강원도 춘천시 신북읍 용산리 341-3,,,,
,,,,,,,,922,,1,,,,,전라남도 진도군 군내면 둔전리 1-36,,,,
,,,,,,,,923,,1,,,,,경상북도 문경시 불정동 67,,,,
,,,,,,,,924,,1,,,,,경상남도 남해군 남면 홍현리 1427,,,,
,,,,,,,,925,,1,,,,,경기도 가평군 상면 상동리 187-3,,,,
,,,,,,,,926,,1,,,,,강원도 양양군 현남면 임호정리 71-7,,,,
,,,,,,,,927,,1,,,,,강원도 고성군 토성면 아야진리 206-3,,,,
,,,,,,,,928,,1,,,,,전라남도 신안군 신의면 상태동리 275,,,,
,,,,,,,,929,,1,,,,,전라남도 여수시 화양면 용주리 481-20,,,,
,,,,,,,,930,,1,,,,,경상남도 하동군 화개면 탑리 539-8,,,,
,,,,,,,,931,,1,,,,,강원도 강릉시 강동면 정동진리 524-1,,,,
,,,,,,,,932,,4,,,,,경기도 여주시 북내면 운촌리 602-3번지,,,,
,,,,,,,,933,,4,,,,,충청남도 태안군 남면 신온리 652-264번지,,,,
,,,,,,,,934,,4,,,,,충청남도 태안군 남면 원청리,,,,
,,,,,,,,935,,4,,,,,충청남도 태안군 남면 신온리 652-280번지,,,,
,,,,,,,,936,,4,,,,,경기도 연천군 왕징면 북삼리 225-7번지,,,,
,,,,,,,,937,,4,,,,,부산광역시 기장군 기장읍 대변리 433-3번지,,,,
,,,,,,,,938,,4,,,,,전라북도 무주군 설천면 삼공리 530-1번지,,,,
,,,,,,,,939,,4,,,,,"전라북도 군산시 옥도면 대장도리 12 ,대장도리 10",,,,
,,,,,,,,940,,4,,,,,강원도 횡성군 둔내면 두원리 404-11,,,,
,,,,,,,,941,,4,,,,,강원도 횡성군 둔내면 두원리 404-11,,,,
,,,,,,,,942,,4,,,,,강원도 횡성군 둔내면 삽교리 1149-12번지,,,,
,,,,,,,,943,,4,,,,,강원도 횡성군 둔내면 삽교리 1212번지,,,,
,,,,,,,,944,,4,,,,,전라남도 함평군 해보면 광암리 393-9번지,,,,
,,,,,,,,945,,4,,,,,경상남도 통영시 용남면 장평리 470,,,,
,,,,,,,,946,,4,,,,,울산광역시 울주군 서생면 대송리 25-12번지,,,,
,,,,,,,,947,,4,,,,,울산광역시 울주군 서생면 대송리 212번지,,,,
,,,,,,,,948,,4,,,,,전라남도 고흥군 금산면 신평리 277-9번지,,,,
,,,,,,,,949,,4,,,,,강원도 정선군 화암면 몰운리 176-3번지,,,,
,,,,,,,,950,,4,,,,,강원도 삼척시 근덕면 용화리 204-3번지,,,,
,,,,,,,,951,,4,,,,,강원도 삼척시 교동 459번지,,,,
,,,,,,,,952,,4,,,,,강원도 삼척시 하장면 번천리 84-5번지,,,,
,,,,,,,,953,,4,,,,,강원도 삼척시 교동 42번지,,,,
,,,,,,,,954,,4,,,,,강원도 삼척시 원덕읍 월천리 263-4번지,,,,
,,,,,,,,955,,4,,,,,강원도 삼척시 근덕면 장호리 224-1번지,,,,
,,,,,,,,956,,4,,,,,강원도 삼척시 근덕면 장호리 212번지,,,,
,,,,,,,,957,,4,,,,,강원도 삼척시 근덕면 장호리 185번지,,,,
,,,,,,,,958,,4,,,,,강원도 삼척시 근덕면 장호리 185-4번지,,,,
,,,,,,,,959,,4,,,,,강원도 양양군 강현면 장산리 515번지,,,,
,,,,,,,,960,,4,,,,,강원도 양양군 서면 미천리 47-1번지,,,,
,,,,,,,,961,,4,,,,,경상남도 양산시 원동면 선리 170-1번지,,,,
,,,,,,,,962,,4,,,,,강원도 평창군 봉평면 흥정리 287번지,,,,
,,,,,,,,963,,4,,,,,강원도 평창군 봉평면 무이리 1143번지,,,,
,,,,,,,,964,,4,,,,,강원도 평창군 평창읍 대하리 235-1번지,,,,
,,,,,,,,965,,4,,,,,강원도 평창군 봉평면 흥정리 339-4번지,,,,
,,,,,,,,966,,4,,,,,강원도 평창군 봉평면 흥정리 339번지,,,,
,,,,,,,,967,,4,,,,,강원도 평창군 봉평면 무이리 1143번지,,,,
,,,,,,,,968,,4,,,,,강원도 영월군 김삿갓면 주문리 101,,,,
,,,,,,,,969,,4,,,,,부산광역시 기장군 일광읍 문동리 7-18,,,,
,,,,,,,,970,,4,,,,,부산광역시 기장군 일광읍 문동리 7-6,,,,
,,,,,,,,971,,4,,,,,부산광역시 기장군 일광읍 문동리 9-2,,,,
,,,,,,,,972,,4,,,,,충청북도 충주시 수안보면 사문리 277번지,,,,
,,,,,,,,973,,4,,,,,충청북도 단양군 가곡면 가대리 1139번지,,,,
,,,,,,,,974,,4,,,,,충청북도 단양군 가곡면 가대리 1126번지,,,,
,,,,,,,,975,,4,,,42311,,충청남도 태안군 남면 양잠리 1230-28번지,,,,
,,,,,,,,976,,4,,,,,충청남도 태안군 고남면 고남리 486-3번지,,,,
,,,,,,,,977,,4,,,44554,,경상남도 창원시 마산합포구 진전면 시락리 823,,,,
,,,,,,,,,,,,,,,,,,,
,,,,,,,,,,,,,,,,,,,
,,,,,,,,,,,,,,,,,,,
,,,,,,,,,,,,,,,,,,,
,,,,,,,,,,,,,,,,,,,
,,,,,,,,,,,,,,,,,,,
,,,,,,,,,,,,,,,,,,,
,,,,,,,,,,,,,,,,,,,
,,,,,,,,,,,,,,,,,,,
,,,,,,,,,,,,,,,,,,,
,,,,,,,,,,,,,,,,,,,
,,,,,,,,,,,,,,,,,,,
,,,,,,,,,,,,,,,,,,,
,,,,,,,,,,,,,,,,,,,
,,,,,,,,,,,,,,,,,,,
,,,,,,,,,,,,,,,,,,,
,,,,,,,,,,,,,,,,,,,
,,,,,,,,,,,,,,,,,,,
,,,,,,,,,,,,,,,,,,,
,,,,,,,,,,,,,,,,,,,
,,,,,,,,,,,,,,,,,,,
,,,,,,,,,,,,,,,,,,,
,,,,,,,,,,,,,,,,,,,
,,,,,,,,,,,,,,,,,,,
,,,,,,,,,,,,,,,,,,,
,,,,,,,,,,,,,,,,,,,
,,,,,,,,,,,,,,,,,,,
,,,,,,,,,,,,,,,,,,,
,,,,,,,,,,,,,,,,,,,
,,,,,,,,,,,,,,,,,,,
,,,,,,,,,,,,,,,,,,,
,,,,,,,,,,,,,,,,,,,
,,,,,,,,,,,,,,,,,,,
,,,,,,,,,,,,,,,,,,,
,,,,,,,,,,,,,,,,,,,
,,,,,,,,,,,,,,,,,,,
,,,,,,,,,,,,,,,,,,,
,,,,,,,,,,,,,,,,,,,
,,,,,,,,,,,,,,,,,,,
,,,,,,,,,,,,,,,,,,,
,,,,,,,,,,,,,,,,,,,
,,,,,,,,,,,,,,,,,,,
,,,,,,,,,,,,,,,,,,,
,,,,,,,,,,,,,,,,,,,
,,,,,,,,,,,,,,,,,,,
,,,,,,,,,,,,,,,,,,,
,,,,,,,,,,,,,,,,,,,
,,,,,,,,,,,,,,,,,,,
,,,,,,,,,,,,,,,,,,,
,,,,,,,,,,,,,,,,,,,
,,,,,,,,,,,,,,,,,,,
,,,,,,,,,,,,,,,,,,,
,,,,,,,,,,,,,,,,,,,
,,,,,,,,,,,,,,,,,,,
,,,,,,,,,,,,,,,,,,,
,,,,,,,,,,,,,,,,,,,
,,,,,,,,,,,,,,,,,,,
,,,,,,,,,,,,,,,,,,,
,,,,,,,,,,,,,,,,,,,
,,,,,,,,,,,,,,,,,,,
,,,,,,,,,,,,,,,,,,,
,,,,,,,,,,,,,,,,,,,
,,,,,,,,,,,,,,,,,,,
,,,,,,,,,,,,,,,,,,,
,,,,,,,,,,,,,,,,,,,
,,,,,,,,,,,,,,,,,,,
,,,,,,,,,,,,,,,,,,,
,,,,,,,,,,,,,,,,,,,
,,,,,,,,,,,,,,,,,,,
,,,,,,,,,,,,,,,,,,,
,,,,,,,,,,,,,,,,,,,
,,,,,,,,,,,,,,,,,,,
,,,,,,,,,,,,,,,,,,,
,,,,,,,,,,,,,,,,,,,
,,,,,,,,,,,,,,,,,,,
,,,,,,,,,,,,,,,,,,,
,,,,,,,,,,,,,,,,,,,
,,,,,,,,,,,,,,,,,,,
,,,,,,,,,,,,,,,,,,,
,,,,,,,,,,,,,,,,,,,
,,,,,,,,,,,,,,,,,,,
,,,,,,,,,,,,,,,,,,,
,,,,,,,,,,,,,,,,,,,
,,,,,,,,,,,,,,,,,,,
,,,,,,,,,,,,,,,,,,,
,,,,,,,,,,,,,,,,,,,
,,,,,,,,,,,,,,,,,,,
,,,,,,,,,,,,,,,,,,,
,,,,,,,,,,,,,,,,,,,
,,,,,,,,,,,,,,,,,,,
,,,,,,,,,,,,,,,,,,,
,,,,,,,,,,,,,,,,,,,
,,,,,,,,,,,,,,,,,,,
,,,,,,,,,,,,,,,,,,,
,,,,,,,,,,,,,,,,,,,
,,,,,,,,,,,,,,,,,,,
,,,,,,,,,,,,,,,,,,,
,,,,,,,,,,,,,,,,,,,
,,,,,,,,,,,,,,,,,,,
,,,,,,,,,,,,,,,,,,,
,,,,,,,,,,,,,,,,,,,
,,,,,,,,,,,,,,,,,,,
,,,,,,,,,,,,,,,,,,,
,,,,,,,,,,,,,,,,,,,
,,,,,,,,,,,,,,,,,,,
,,,,,,,,,,,,,,,,,,,
,,,,,,,,,,,,,,,,,,,
,,,,,,,,,,,,,,,,,,,
,,,,,,,,,,,,,,,,,,,
,,,,,,,,,,,,,,,,,,,
,,,,,,,,,,,,,,,,,,,
,,,,,,,,,,,,,,,,,,,
,,,,,,,,,,,,,,,,,,,
,,,,,,,,,,,,,,,,,,,
,,,,,,,,,,,,,,,,,,,
,,,,,,,,,,,,,,,,,,,
,,,,,,,,,,,,,,,,,,,
,,,,,,,,,,,,,,,,,,,
,,,,,,,,,,,,,,,,,,,
,,,,,,,,,,,,,,,,,,,
,,,,,,,,,,,,,,,,,,,
,,,,,,,,,,,,,,,,,,,
,,,,,,,,,,,,,,,,,,,
,,,,,,,,,,,,,,,,,,,
,,,,,,,,,,,,,,,,,,,
,,,,,,,,,,,,,,,,,,,
,,,,,,,,,,,,,,,,,,,
,,,,,,,,,,,,,,,,,,,
,,,,,,,,,,,,,,,,,,,
,,,,,,,,,,,,,,,,,,,
,,,,,,,,,,,,,,,,,,,
,,,,,,,,,,,,,,,,,,,
,,,,,,,,,,,,,,,,,,,
,,,,,,,,,,,,,,,,,,,
,,,,,,,,,,,,,,,,,,,
,,,,,,,,,,,,,,,,,,,
,,,,,,,,,,,,,,,,,,,
,,,,,,,,,,,,,,,,,,,
,,,,,,,,,,,,,,,,,,,
,,,,,,,,,,,,,,,,,,,
,,,,,,,,,,,,,,,,,,,
,,,,,,,,,,,,,,,,,,,
,,,,,,,,,,,,,,,,,,,
,,,,,,,,,,,,,,,,,,,
,,,,,,,,,,,,,,,,,,,
,,,,,,,,,,,,,,,,,,,
,,,,,,,,,,,,,,,,,,,
,,,,,,,,,,,,,,,,,,,
,,,,,,,,,,,,,,,,,,,
,,,,,,,,,,,,,,,,,,,
,,,,,,,,,,,,,,,,,,,
,,,,,,,,,,,,,,,,,,,
,,,,,,,,,,,,,,,,,,,
,,,,,,,,,,,,,,,,,,,
,,,,,,,,,,,,,,,,,,,
,,,,,,,,,,,,,,,,,,,
,,,,,,,,,,,,,,,,,,,
,,,,,,,,,,,,,,,,,,,
,,,,,,,,,,,,,,,,,,,
,,,,,,,,,,,,,,,,,,,
,,,,,,,,,,,,,,,,,,,
,,,,,,,,,,,,,,,,,,,
,,,,,,,,,,,,,,,,,,,
,,,,,,,,,,,,,,,,,,,
,,,,,,,,,,,,,,,,,,,
,,,,,,,,,,,,,,,,,,,
,,,,,,,,,,,,,,,,,,,
,,,,,,,,,,,,,,,,,,,
,,,,,,,,,,,,,,,,,,,
,,,,,,,,,,,,,,,,,,,
,,,,,,,,,,,,,,,,,,,
,,,,,,,,,,,,,,,,,,,
,,,,,,,,,,,,,,,,,,,
,,,,,,,,,,,,,,,,,,,
,,,,,,,,,,,,,,,,,,,
,,,,,,,,,,,,,,,,,,,
,,,,,,,,,,,,,,,,,,,
,,,,,,,,,,,,,,,,,,,
,,,,,,,,,,,,,,,,,,,
,,,,,,,,,,,,,,,,,,,
,,,,,,,,,,,,,,,,,,,
,,,,,,,,,,,,,,,,,,,
,,,,,,,,,,,,,,,,,,,
,,,,,,,,,,,,,,,,,,,
,,,,,,,,,,,,,,,,,,,
,,,,,,,,,,,,,,,,,,,
,,,,,,,,,,,,,,,,,,,
,,,,,,,,,,,,,,,,,,,
,,,,,,,,,,,,,,,,,,,
,,,,,,,,,,,,,,,,,,,
,,,,,,,,,,,,,,,,,,,
,,,,,,,,,,,,,,,,,,,
,,,,,,,,,,,,,,,,,,,
,,,,,,,,,,,,,,,,,,,
,,,,,,,,,,,,,,,,,,,
,,,,,,,,,,,,,,,,,,,
,,,,,,,,,,,,,,,,,,,
,,,,,,,,,,,,,,,,,,,
,,,,,,,,,,,,,,,,,,,
,,,,,,,,,,,,,,,,,,,
,,,,,,,,,,,,,,,,,,,
,,,,,,,,,,,,,,,,,,,
,,,,,,,,,,,,,,,,,,,
,,,,,,,,,,,,,,,,,,,
,,,,,,,,,,,,,,,,,,,
,,,,,,,,,,,,,,,,,,,
,,,,,,,,,,,,,,,,,,,
,,,,,,,,,,,,,,,,,,,
,,,,,,,,,,,,,,,,,,,
,,,,,,,,,,,,,,,,,,,
,,,,,,,,,,,,,,,,,,,
,,,,,,,,,,,,,,,,,,,
,,,,,,,,,,,,,,,,,,,
,,,,,,,,,,,,,,,,,,,
,,,,,,,,,,,,,,,,,,,
,,,,,,,,,,,,,,,,,,,
,,,,,,,,,,,,,,,,,,,
,,,,,,,,,,,,,,,,,,,
,,,,,,,,,,,,,,,,,,,
,,,,,,,,,,,,,,,,,,,
,,,,,,,,,,,,,,,,,,,
,,,,,,,,,,,,,,,,,,,
,,,,,,,,,,,,,,,,,,,
,,,,,,,,,,,,,,,,,,,
,,,,,,,,,,,,,,,,,,,
,,,,,,,,,,,,,,,,,,,
,,,,,,,,,,,,,,,,,,,
,,,,,,,,,,,,,,,,,,,
,,,,,,,,,,,,,,,,,,,
,,,,,,,,,,,,,,,,,,,
,,,,,,,,,,,,,,,,,,,
,,,,,,,,,,,,,,,,,,,
,,,,,,,,,,,,,,,,,,,
,,,,,,,,,,,,,,,,,,,
,,,,,,,,,,,,,,,,,,,
,,,,,,,,,,,,,,,,,,,
,,,,,,,,,,,,,,,,,,,
,,,,,,,,,,,,,,,,,,,
,,,,,,,,,,,,,,,,,,,
,,,,,,,,,,,,,,,,,,,
,,,,,,,,,,,,,,,,,,,
,,,,,,,,,,,,,,,,,,,
,,,,,,,,,,,,,,,,,,,
,,,,,,,,,,,,,,,,,,,
,,,,,,,,,,,,,,,,,,,
,,,,,,,,,,,,,,,,,,,
,,,,,,,,,,,,,,,,,,,
,,,,,,,,,,,,,,,,,,,
,,,,,,,,,,,,,,,,,,,
,,,,,,,,,,,,,,,,,,,
,,,,,,,,,,,,,,,,,,,
,,,,,,,,,,,,,,,,,,,
,,,,,,,,,,,,,,,,,,,
,,,,,,,,,,,,,,,,,,,
,,,,,,,,,,,,,,,,,,,
,,,,,,,,,,,,,,,,,,,
,,,,,,,,,,,,,,,,,,,
,,,,,,,,,,,,,,,,,,,
,,,,,,,,,,,,,,,,,,,
,,,,,,,,,,,,,,,,,,,
,,,,,,,,,,,,,,,,,,,
,,,,,,,,,,,,,,,,,,,
,,,,,,,,,,,,,,,,,,,
,,,,,,,,,,,,,,,,,,,
,,,,,,,,,,,,,,,,,,,
,,,,,,,,,,,,,,,,,,,
,,,,,,,,,,,,,,,,,,,
,,,,,,,,,,,,,,,,,,,
,,,,,,,,,,,,,,,,,,,
,,,,,,,,,,,,,,,,,,,
,,,,,,,,,,,,,,,,,,,
,,,,,,,,,,,,,,,,,,,
,,,,,,,,,,,,,,,,,,,
,,,,,,,,,,,,,,,,,,,
,,,,,,,,,,,,,,,,,,,
,,,,,,,,,,,,,,,,,,,
,,,,,,,,,,,,,,,,,,,
,,,,,,,,,,,,,,,,,,,
,,,,,,,,,,,,,,,,,,,
,,,,,,,,,,,,,,,,,,,
,,,,,,,,,,,,,,,,,,,
,,,,,,,,,,,,,,,,,,,
,,,,,,,,,,,,,,,,,,,
,,,,,,,,,,,,,,,,,,,
,,,,,,,,,,,,,,,,,,,
,,,,,,,,,,,,,,,,,,,
,,,,,,,,,,,,,,,,,,,
,,,,,,,,,,,,,,,,,,,
,,,,,,,,,,,,,,,,,,,
,,,,,,,,,,,,,,,,,,,
,,,,,,,,,,,,,,,,,,,
,,,,,,,,,,,,,,,,,,,
,,,,,,,,,,,,,,,,,,,
,,,,,,,,,,,,,,,,,,,
,,,,,,,,,,,,,,,,,,,
,,,,,,,,,,,,,,,,,,,
,,,,,,,,,,,,,,,,,,,
,,,,,,,,,,,,,,,,,,,
,,,,,,,,,,,,,,,,,,,
,,,,,,,,,,,,,,,,,,,
,,,,,,,,,,,,,,,,,,,
,,,,,,,,,,,,,,,,,,,
,,,,,,,,,,,,,,,,,,,
,,,,,,,,,,,,,,,,,,,
,,,,,,,,,,,,,,,,,,,
,,,,,,,,,,,,,,,,,,,
,,,,,,,,,,,,,,,,,,,
,,,,,,,,,,,,,,,,,,,
,,,,,,,,,,,,,,,,,,,
,,,,,,,,,,,,,,,,,,,
,,,,,,,,,,,,,,,,,,,
,,,,,,,,,,,,,,,,,,,
,,,,,,,,,,,,,,,,,,,
,,,,,,,,,,,,,,,,,,,
,,,,,,,,,,,,,,,,,,,
,,,,,,,,,,,,,,,,,,,
,,,,,,,,,,,,,,,,,,,
,,,,,,,,,,,,,,,,,,,
,,,,,,,,,,,,,,,,,,,
,,,,,,,,,,,,,,,,,,,
,,,,,,,,,,,,,,,,,,,
,,,,,,,,,,,,,,,,,,,
,,,,,,,,,,,,,,,,,,,
,,,,,,,,,,,,,,,,,,,
,,,,,,,,,,,,,,,,,,,
,,,,,,,,,,,,,,,,,,,
,,,,,,,,,,,,,,,,,,,
,,,,,,,,,,,,,,,,,,,
,,,,,,,,,,,,,,,,,,,
,,,,,,,,,,,,,,,,,,,
,,,,,,,,,,,,,,,,,,,
,,,,,,,,,,,,,,,,,,,
,,,,,,,,,,,,,,,,,,,
,,,,,,,,,,,,,,,,,,,
,,,,,,,,,,,,,,,,,,,
,,,,,,,,,,,,,,,,,,,
,,,,,,,,,,,,,,,,,,,
,,,,,,,,,,,,,,,,,,,
,,,,,,,,,,,,,,,,,,,
,,,,,,,,,,,,,,,,,,,
,,,,,,,,,,,,,,,,,,,
,,,,,,,,,,,,,,,,,,,
,,,,,,,,,,,,,,,,,,,
,,,,,,,,,,,,,,,,,,,
,,,,,,,,,,,,,,,,,,,
,,,,,,,,,,,,,,,,,,,
,,,,,,,,,,,,,,,,,,,
,,,,,,,,,,,,,,,,,,,
,,,,,,,,,,,,,,,,,,,
,,,,,,,,,,,,,,,,,,,
,,,,,,,,,,,,,,,,,,,
,,,,,,,,,,,,,,,,,,,
,,,,,,,,,,,,,,,,,,,
,,,,,,,,,,,,,,,,,,,
,,,,,,,,,,,,,,,,,,,
,,,,,,,,,,,,,,,,,,,
,,,,,,,,,,,,,,,,,,,
,,,,,,,,,,,,,,,,,,,
,,,,,,,,,,,,,,,,,,,
,,,,,,,,,,,,,,,,,,,
,,,,,,,,,,,,,,,,,,,
,,,,,,,,,,,,,,,,,,,
,,,,,,,,,,,,,,,,,,,
,,,,,,,,,,,,,,,,,,,
,,,,,,,,,,,,,,,,,,,
,,,,,,,,,,,,,,,,,,,
,,,,,,,,,,,,,,,,,,,
,,,,,,,,,,,,,,,,,,,
,,,,,,,,,,,,,,,,,,,
,,,,,,,,,,,,,,,,,,,
,,,,,,,,,,,,,,,,,,,
,,,,,,,,,,,,,,,,,,,
,,,,,,,,,,,,,,,,,,,
,,,,,,,,,,,,,,,,,,,
,,,,,,,,,,,,,,,,,,,
,,,,,,,,,,,,,,,,,,,
,,,,,,,,,,,,,,,,,,,
,,,,,,,,,,,,,,,,,,,
,,,,,,,,,,,,,,,,,,,
,,,,,,,,,,,,,,,,,,,
,,,,,,,,,,,,,,,,,,,
,,,,,,,,,,,,,,,,,,,
,,,,,,,,,,,,,,,,,,,
,,,,,,,,,,,,,,,,,,,
,,,,,,,,,,,,,,,,,,,
,,,,,,,,,,,,,,,,,,,
,,,,,,,,,,,,,,,,,,,
,,,,,,,,,,,,,,,,,,,
,,,,,,,,,,,,,,,,,,,
,,,,,,,,,,,,,,,,,,,
,,,,,,,,,,,,,,,,,,,
,,,,,,,,,,,,,,,,,,,
,,,,,,,,,,,,,,,,,,,
,,,,,,,,,,,,,,,,,,,
,,,,,,,,,,,,,,,,,,,
,,,,,,,,,,,,,,,,,,,
,,,,,,,,,,,,,,,,,,,
,,,,,,,,,,,,,,,,,,,
,,,,,,,,,,,,,,,,,,,
,,,,,,,,,,,,,,,,,,,
,,,,,,,,,,,,,,,,,,,
,,,,,,,,,,,,,,,,,,,
,,,,,,,,,,,,,,,,,,,
,,,,,,,,,,,,,,,,,,,
,,,,,,,,,,,,,,,,,,,
,,,,,,,,,,,,,,,,,,,
,,,,,,,,,,,,,,,,,,,
,,,,,,,,,,,,,,,,,,,
,,,,,,,,,,,,,,,,,,,
,,,,,,,,,,,,,,,,,,,
,,,,,,,,,,,,,,,,,,,
,,,,,,,,,,,,,,,,,,,
,,,,,,,,,,,,,,,,,,,
,,,,,,,,,,,,,,,,,,,
,,,,,,,,,,,,,,,,,,,
,,,,,,,,,,,,,,,,,,,
,,,,,,,,,,,,,,,,,,,
,,,,,,,,,,,,,,,,,,,
,,,,,,,,,,,,,,,,,,,
,,,,,,,,,,,,,,,,,,,
,,,,,,,,,,,,,,,,,,,
,,,,,,,,,,,,,,,,,,,
,,,,,,,,,,,,,,,,,,,
,,,,,,,,,,,,,,,,,,,
,,,,,,,,,,,,,,,,,,,
,,,,,,,,,,,,,,,,,,,
,,,,,,,,,,,,,,,,,,,
,,,,,,,,,,,,,,,,,,,
,,,,,,,,,,,,,,,,,,,
,,,,,,,,,,,,,,,,,,,
,,,,,,,,,,,,,,,,,,,
,,,,,,,,,,,,,,,,,,,
,,,,,,,,,,,,,,,,,,,
,,,,,,,,,,,,,,,,,,,
,,,,,,,,,,,,,,,,,,,
,,,,,,,,,,,,,,,,,,,
,,,,,,,,,,,,,,,,,,,
,,,,,,,,,,,,,,,,,,,
,,,,,,,,,,,,,,,,,,,
,,,,,,,,,,,,,,,,,,,
,,,,,,,,,,,,,,,,,,,
,,,,,,,,,,,,,,,,,,,
,,,,,,,,,,,,,,,,,,,
,,,,,,,,,,,,,,,,,,,
,,,,,,,,,,,,,,,,,,,
,,,,,,,,,,,,,,,,,,,
,,,,,,,,,,,,,,,,,,,
,,,,,,,,,,,,,,,,,,,
,,,,,,,,,,,,,,,,,,,
,,,,,,,,,,,,,,,,,,,
,,,,,,,,,,,,,,,,,,,
,,,,,,,,,,,,,,,,,,,
,,,,,,,,,,,,,,,,,,,
,,,,,,,,,,,,,,,,,,,
,,,,,,,,,,,,,,,,,,,
,,,,,,,,,,,,,,,,,,,
,,,,,,,,,,,,,,,,,,,
,,,,,,,,,,,,,,,,,,,
,,,,,,,,,,,,,,,,,,,
,,,,,,,,,,,,,,,,,,,
,,,,,,,,,,,,,,,,,,,
,,,,,,,,,,,,,,,,,,,
,,,,,,,,,,,,,,,,,,,
,,,,,,,,,,,,,,,,,,,
,,,,,,,,,,,,,,,,,,,
,,,,,,,,,,,,,,,,,,,
,,,,,,,,,,,,,,,,,,,
,,,,,,,,,,,,,,,,,,,
,,,,,,,,,,,,,,,,,,,
,,,,,,,,,,,,,,,,,,,
,,,,,,,,,,,,,,,,,,,
,,,,,,,,,,,,,,,,,,,
,,,,,,,,,,,,,,,,,,,
,,,,,,,,,,,,,,,,,,,
,,,,,,,,,,,,,,,,,,,
,,,,,,,,,,,,,,,,,,,
,,,,,,,,,,,,,,,,,,,
,,,,,,,,,,,,,,,,,,,
,,,,,,,,,,,,,,,,,,,
,,,,,,,,,,,,,,,,,,,
,,,,,,,,,,,,,,,,,,,
,,,,,,,,,,,,,,,,,,,
,,,,,,,,,,,,,,,,,,,
,,,,,,,,,,,,,,,,,,,
,,,,,,,,,,,,,,,,,,,
,,,,,,,,,,,,,,,,,,,
,,,,,,,,,,,,,,,,,,,
,,,,,,,,,,,,,,,,,,,
,,,,,,,,,,,,,,,,,,,
,,,,,,,,,,,,,,,,,,,
,,,,,,,,,,,,,,,,,,,
,,,,,,,,,,,,,,,,,,,
,,,,,,,,,,,,,,,,,,,
,,,,,,,,,,,,,,,,,,,
,,,,,,,,,,,,,,,,,,,
,,,,,,,,,,,,,,,,,,,
,,,,,,,,,,,,,,,,,,,
,,,,,,,,,,,,,,,,,,,
,,,,,,,,,,,,,,,,,,,
,,,,,,,,,,,,,,,,,,,
,,,,,,,,,,,,,,,,,,,
,,,,,,,,,,,,,,,,,,,
,,,,,,,,,,,,,,,,,,,
,,,,,,,,,,,,,,,,,,,
,,,,,,,,,,,,,,,,,,,
,,,,,,,,,,,,,,,,,,,
,,,,,,,,,,,,,,,,,,,
,,,,,,,,,,,,,,,,,,,
,,,,,,,,,,,,,,,,,,,
,,,,,,,,,,,,,,,,,,,
,,,,,,,,,,,,,,,,,,,
,,,,,,,,,,,,,,,,,,,
,,,,,,,,,,,,,,,,,,,
,,,,,,,,,,,,,,,,,,,
,,,,,,,,,,,,,,,,,,,
,,,,,,,,,,,,,,,,,,,
,,,,,,,,,,,,,,,,,,,
,,,,,,,,,,,,,,,,,,,
,,,,,,,,,,,,,,,,,,,
,,,,,,,,,,,,,,,,,,,
,,,,,,,,,,,,,,,,,,,
,,,,,,,,,,,,,,,,,,,
,,,,,,,,,,,,,,,,,,,
,,,,,,,,,,,,,,,,,,,
,,,,,,,,,,,,,,,,,,,
,,,,,,,,,,,,,,,,,,,
,,,,,,,,,,,,,,,,,,,
,,,,,,,,,,,,,,,,,,,
,,,,,,,,,,,,,,,,,,,
,,,,,,,,,,,,,,,,,,,
,,,,,,,,,,,,,,,,,,,
,,,,,,,,,,,,,,,,,,,
,,,,,,,,,,,,,,,,,,,
,,,,,,,,,,,,,,,,,,,
,,,,,,,,,,,,,,,,,,,
,,,,,,,,,,,,,,,,,,,
,,,,,,,,,,,,,,,,,,,
,,,,,,,,,,,,,,,,,,,
,,,,,,,,,,,,,,,,,,,
,,,,,,,,,,,,,,,,,,,
,,,,,,,,,,,,,,,,,,,
,,,,,,,,,,,,,,,,,,,
,,,,,,,,,,,,,,,,,,,
,,,,,,,,,,,,,,,,,,,
,,,,,,,,,,,,,,,,,,,
,,,,,,,,,,,,,,,,,,,
,,,,,,,,,,,,,,,,,,,
,,,,,,,,,,,,,,,,,,,
,,,,,,,,,,,,,,,,,,,
,,,,,,,,,,,,,,,,,,,
,,,,,,,,,,,,,,,,,,,
,,,,,,,,,,,,,,,,,,,
,,,,,,,,,,,,,,,,,,,
,,,,,,,,,,,,,,,,,,,
,,,,,,,,,,,,,,,,,,,
,,,,,,,,,,,,,,,,,,,
,,,,,,,,,,,,,,,,,,,
,,,,,,,,,,,,,,,,,,,
,,,,,,,,,,,,,,,,,,,
,,,,,,,,,,,,,,,,,,,
,,,,,,,,,,,,,,,,,,,
,,,,,,,,,,,,,,,,,,,
,,,,,,,,,,,,,,,,,,,
,,,,,,,,,,,,,,,,,,,
,,,,,,,,,,,,,,,,,,,
,,,,,,,,,,,,,,,,,,,
,,,,,,,,,,,,,,,,,,,
,,,,,,,,,,,,,,,,,,,
,,,,,,,,,,,,,,,,,,,
,,,,,,,,,,,,,,,,,,,
,,,,,,,,,,,,,,,,,,,
,,,,,,,,,,,,,,,,,,,
,,,,,,,,,,,,,,,,,,,
,,,,,,,,,,,,,,,,,,,
,,,,,,,,,,,,,,,,,,,
,,,,,,,,,,,,,,,,,,,
,,,,,,,,,,,,,,,,,,,
,,,,,,,,,,,,,,,,,,,
,,,,,,,,,,,,,,,,,,,
,,,,,,,,,,,,,,,,,,,
,,,,,,,,,,,,,,,,,,,
,,,,,,,,,,,,,,,,,,,
,,,,,,,,,,,,,,,,,,,
,,,,,,,,,,,,,,,,,,,
,,,,,,,,,,,,,,,,,,,
,,,,,,,,,,,,,,,,,,,
,,,,,,,,,,,,,,,,,,,
,,,,,,,,,,,,,,,,,,,
,,,,,,,,,,,,,,,,,,,
,,,,,,,,,,,,,,,,,,,
,,,,,,,,,,,,,,,,,,,
,,,,,,,,,,,,,,,,,,,
,,,,,,,,,,,,,,,,,,,
,,,,,,,,,,,,,,,,,,,
,,,,,,,,,,,,,,,,,,,
,,,,,,,,,,,,,,,,,,,
,,,,,,,,,,,,,,,,,,,
,,,,,,,,,,,,,,,,,,,
,,,,,,,,,,,,,,,,,,,
,,,,,,,,,,,,,,,,,,,
,,,,,,,,,,,,,,,,,,,
,,,,,,,,,,,,,,,,,,,
,,,,,,,,,,,,,,,,,,,
,,,,,,,,,,,,,,,,,,,
,,,,,,,,,,,,,,,,,,,
,,,,,,,,,,,,,,,,,,,
,,,,,,,,,,,,,,,,,,,
,,,,,,,,,,,,,,,,,,,
,,,,,,,,,,,,,,,,,,,
,,,,,,,,,,,,,,,,,,,
,,,,,,,,,,,,,,,,,,,
,,,,,,,,,,,,,,,,,,,
,,,,,,,,,,,,,,,,,,,
,,,,,,,,,,,,,,,,,,,
,,,,,,,,,,,,,,,,,,,
,,,,,,,,,,,,,,,,,,,
,,,,,,,,,,,,,,,,,,,
,,,,,,,,,,,,,,,,,,,
,,,,,,,,,,,,,,,,,,,
,,,,,,,,,,,,,,,,,,,
,,,,,,,,,,,,,,,,,,,
,,,,,,,,,,,,,,,,,,,
,,,,,,,,,,,,,,,,,,,
,,,,,,,,,,,,,,,,,,,
,,,,,,,,,,,,,,,,,,,
,,,,,,,,,,,,,,,,,,,
,,,,,,,,,,,,,,,,,,,
,,,,,,,,,,,,,,,,,,,
,,,,,,,,,,,,,,,,,,,
,,,,,,,,,,,,,,,,,,,
,,,,,,,,,,,,,,,,,,,
,,,,,,,,,,,,,,,,,,,
,,,,,,,,,,,,,,,,,,,
,,,,,,,,,,,,,,,,,,,
,,,,,,,,,,,,,,,,,,,
,,,,,,,,,,,,,,,,,,,
,,,,,,,,,,,,,,,,,,,
,,,,,,,,,,,,,,,,,,,
,,,,,,,,,,,,,,,,,,,
,,,,,,,,,,,,,,,,,,,
,,,,,,,,,,,,,,,,,,,
,,,,,,,,,,,,,,,,,,,
,,,,,,,,,,,,,,,,,,,
,,,,,,,,,,,,,,,,,,,
,,,,,,,,,,,,,,,,,,,
,,,,,,,,,,,,,,,,,,,
,,,,,,,,,,,,,,,,,,,
,,,,,,,,,,,,,,,,,,,
,,,,,,,,,,,,,,,,,,,
,,,,,,,,,,,,,,,,,,,
,,,,,,,,,,,,,,,,,,,
,,,,,,,,,,,,,,,,,,,
,,,,,,,,,,,,,,,,,,,
,,,,,,,,,,,,,,,,,,,
,,,,,,,,,,,,,,,,,,,
,,,,,,,,,,,,,,,,,,,
,,,,,,,,,,,,,,,,,,,
,,,,,,,,,,,,,,,,,,,
,,,,,,,,,,,,,,,,,,,
,,,,,,,,,,,,,,,,,,,
,,,,,,,,,,,,,,,,,,,
,,,,,,,,,,,,,,,,,,,
,,,,,,,,,,,,,,,,,,,
,,,,,,,,,,,,,,,,,,,
,,,,,,,,,,,,,,,,,,,
,,,,,,,,,,,,,,,,,,,
,,,,,,,,,,,,,,,,,,,
,,,,,,,,,,,,,,,,,,,
,,,,,,,,,,,,,,,,,,,
,,,,,,,,,,,,,,,,,,,
,,,,,,,,,,,,,,,,,,,
,,,,,,,,,,,,,,,,,,,
,,,,,,,,,,,,,,,,,,,
,,,,,,,,,,,,,,,,,,,
,,,,,,,,,,,,,,,,,,,
,,,,,,,,,,,,,,,,,,,
,,,,,,,,,,,,,,,,,,,
,,,,,,,,,,,,,,,,,,,
,,,,,,,,,,,,,,,,,,,
,,,,,,,,,,,,,,,,,,,
,,,,,,,,,,,,,,,,,,,
,,,,,,,,,,,,,,,,,,,
,,,,,,,,,,,,,,,,,,,
,,,,,,,,,,,,,,,,,,,
,,,,,,,,,,,,,,,,,,,
,,,,,,,,,,,,,,,,,,,
,,,,,,,,,,,,,,,,,,,
,,,,,,,,,,,,,,,,,,,
,,,,,,,,,,,,,,,,,,,
,,,,,,,,,,,,,,,,,,,
,,,,,,,,,,,,,,,,,,,
,,,,,,,,,,,,,,,,,,,
,,,,,,,,,,,,,,,,,,,
,,,,,,,,,,,,,,,,,,,
,,,,,,,,,,,,,,,,,,,
,,,,,,,,,,,,,,,,,,,
,,,,,,,,,,,,,,,,,,,
,,,,,,,,,,,,,,,,,,,
,,,,,,,,,,,,,,,,,,,
,,,,,,,,,,,,,,,,,,,
,,,,,,,,,,,,,,,,,,,
,,,,,,,,,,,,,,,,,,,
,,,,,,,,,,,,,,,,,,,
,,,,,,,,,,,,,,,,,,,
,,,,,,,,,,,,,,,,,,,
,,,,,,,,,,,,,,,,,,,
,,,,,,,,,,,,,,,,,,,
,,,,,,,,,,,,,,,,,,,
,,,,,,,,,,,,,,,,,,,
,,,,,,,,,,,,,,,,,,,
,,,,,,,,,,,,,,,,,,,
,,,,,,,,,,,,,,,,,,,
,,,,,,,,,,,,,,,,,,,
,,,,,,,,,,,,,,,,,,,
,,,,,,,,,,,,,,,,,,,
,,,,,,,,,,,,,,,,,,,
,,,,,,,,,,,,,,,,,,,
,,,,,,,,,,,,,,,,,,,
,,,,,,,,,,,,,,,,,,,
,,,,,,,,,,,,,,,,,,,
,,,,,,,,,,,,,,,,,,,
,,,,,,,,,,,,,,,,,,,
,,,,,,,,,,,,,,,,,,,
,,,,,,,,,,,,,,,,,,,
,,,,,,,,,,,,,,,,,,,
,,,,,,,,,,,,,,,,,,,
,,,,,,,,,,,,,,,,,,,
,,,,,,,,,,,,,,,,,,,
,,,,,,,,,,,,,,,,,,,
,,,,,,,,,,,,,,,,,,,
,,,,,,,,,,,,,,,,,,,
,,,,,,,,,,,,,,,,,,,
,,,,,,,,,,,,,,,,,,,
,,,,,,,,,,,,,,,,,,,
,,,,,,,,,,,,,,,,,,,
,,,,,,,,,,,,,,,,,,,
,,,,,,,,,,,,,,,,,,,
,,,,,,,,,,,,,,,,,,,
,,,,,,,,,,,,,,,,,,,
,,,,,,,,,,,,,,,,,,,
,,,,,,,,,,,,,,,,,,,
,,,,,,,,,,,,,,,,,,,
,,,,,,,,,,,,,,,,,,,
,,,,,,,,,,,,,,,,,,,
,,,,,,,,,,,,,,,,,,,
,,,,,,,,,,,,,,,,,,,
,,,,,,,,,,,,,,,,,,,
,,,,,,,,,,,,,,,,,,,
,,,,,,,,,,,,,,,,,,,
,,,,,,,,,,,,,,,,,,,
,,,,,,,,,,,,,,,,,,,
,,,,,,,,,,,,,,,,,,,
,,,,,,,,,,,,,,,,,,,
,,,,,,,,,,,,,,,,,,,
,,,,,,,,,,,,,,,,,,,
,,,,,,,,,,,,,,,,,,,
,,,,,,,,,,,,,,,,,,,
,,,,,,,,,,,,,,,,,,,
,,,,,,,,,,,,,,,,,,,
,,,,,,,,,,,,,,,,,,,
,,,,,,,,,,,,,,,,,,,
,,,,,,,,,,,,,,,,,,,
,,,,,,,,,,,,,,,,,,,
,,,,,,,,,,,,,,,,,,,
,,,,,,,,,,,,,,,,,,,
,,,,,,,,,,,,,,,,,,,
,,,,,,,,,,,,,,,,,,,
,,,,,,,,,,,,,,,,,,,
,,,,,,,,,,,,,,,,,,,
,,,,,,,,,,,,,,,,,,,
,,,,,,,,,,,,,,,,,,,
,,,,,,,,,,,,,,,,,,,
,,,,,,,,,,,,,,,,,,,
,,,,,,,,,,,,,,,,,,,
,,,,,,,,,,,,,,,,,,,
,,,,,,,,,,,,,,,,,,,
,,,,,,,,,,,,,,,,,,,
,,,,,,,,,,,,,,,,,,,
,,,,,,,,,,,,,,,,,,,
,,,,,,,,,,,,,,,,,,,
,,,,,,,,,,,,,,,,,,,
,,,,,,,,,,,,,,,,,,,
,,,,,,,,,,,,,,,,,,,
,,,,,,,,,,,,,,,,,,,
,,,,,,,,,,,,,,,,,,,
,,,,,,,,,,,,,,,,,,,
,,,,,,,,,,,,,,,,,,,
,,,,,,,,,,,,,,,,,,,
,,,,,,,,,,,,,,,,,,,
,,,,,,,,,,,,,,,,,,,
,,,,,,,,,,,,,,,,,,,
,,,,,,,,,,,,,,,,,,,
,,,,,,,,,,,,,,,,,,,
,,,,,,,,,,,,,,,,,,,
,,,,,,,,,,,,,,,,,,,
,,,,,,,,,,,,,,,,,,,
,,,,,,,,,,,,,,,,,,,
,,,,,,,,,,,,,,,,,,,
,,,,,,,,,,,,,,,,,,,
,,,,,,,,,,,,,,,,,,,
,,,,,,,,,,,,,,,,,,,
,,,,,,,,,,,,,,,,,,,
,,,,,,,,,,,,,,,,,,,
,,,,,,,,,,,,,,,,,,,
,,,,,,,,,,,,,,,,,,,
,,,,,,,,,,,,,,,,,,,
,,,,,,,,,,,,,,,,,,,
,,,,,,,,,,,,,,,,,,,
,,,,,,,,,,,,,,,,,,,
,,,,,,,,,,,,,,,,,,,
,,,,,,,,,,,,,,,,,,,
,,,,,,,,,,,,,,,,,,,
,,,,,,,,,,,,,,,,,,,
,,,,,,,,,,,,,,,,,,,
,,,,,,,,,,,,,,,,,,,
,,,,,,,,,,,,,,,,,,,
,,,,,,,,,,,,,,,,,,,
,,,,,,,,,,,,,,,,,,,
,,,,,,,,,,,,,,,,,,,
,,,,,,,,,,,,,,,,,,,
,,,,,,,,,,,,,,,,,,,
,,,,,,,,,,,,,,,,,,,
,,,,,,,,,,,,,,,,,,,
,,,,,,,,,,,,,,,,,,,
,,,,,,,,,,,,,,,,,,,
,,,,,,,,,,,,,,,,,,,
,,,,,,,,,,,,,,,,,,,
,,,,,,,,,,,,,,,,,,,
,,,,,,,,,,,,,,,,,,,
,,,,,,,,,,,,,,,,,,,
,,,,,,,,,,,,,,,,,,,
,,,,,,,,,,,,,,,,,,,
,,,,,,,,,,,,,,,,,,,
,,,,,,,,,,,,,,,,,,,
,,,,,,,,,,,,,,,,,,,
,,,,,,,,,,,,,,,,,,,
,,,,,,,,,,,,,,,,,,,
,,,,,,,,,,,,,,,,,,,
,,,,,,,,,,,,,,,,,,,
,,,,,,,,,,,,,,,,,,,
,,,,,,,,,,,,,,,,,,,
,,,,,,,,,,,,,,,,,,,
,,,,,,,,,,,,,,,,,,,
,,,,,,,,,,,,,,,,,,,
,,,,,,,,,,,,,,,,,,,
,,,,,,,,,,,,,,,,,,,
,,,,,,,,,,,,,,,,,,,
,,,,,,,,,,,,,,,,,,,
,,,,,,,,,,,,,,,,,,,
,,,,,,,,,,,,,,,,,,,
,,,,,,,,,,,,,,,,,,,
,,,,,,,,,,,,,,,,,,,
,,,,,,,,,,,,,,,,,,,
,,,,,,,,,,,,,,,,,,,
,,,,,,,,,,,,,,,,,,,
,,,,,,,,,,,,,,,,,,,
,,,,,,,,,,,,,,,,,,,
,,,,,,,,,,,,,,,,,,,
,,,,,,,,,,,,,,,,,,,
,,,,,,,,,,,,,,,,,,,
,,,,,,,,,,,,,,,,,,,
,,,,,,,,,,,,,,,,,,,
,,,,,,,,,,,,,,,,,,,
,,,,,,,,,,,,,,,,,,,
,,,,,,,,,,,,,,,,,,,
,,,,,,,,,,,,,,,,,,,
,,,,,,,,,,,,,,,,,,,
,,,,,,,,,,,,,,,,,,,
,,,,,,,,,,,,,,,,,,,
,,,,,,,,,,,,,,,,,,,
,,,,,,,,,,,,,,,,,,,
,,,,,,,,,,,,,,,,,,,
,,,,,,,,,,,,,,,,,,,
,,,,,,,,,,,,,,,,,,,
,,,,,,,,,,,,,,,,,,,
,,,,,,,,,,,,,,,,,,,
,,,,,,,,,,,,,,,,,,,
,,,,,,,,,,,,,,,,,,,
,,,,,,,,,,,,,,,,,,,
,,,,,,,,,,,,,,,,,,,
,,,,,,,,,,,,,,,,,,,
,,,,,,,,,,,,,,,,,,,
,,,,,,,,,,,,,,,,,,,
,,,,,,,,,,,,,,,,,,,
,,,,,,,,,,,,,,,,,,,
,,,,,,,,,,,,,,,,,,,
,,,,,,,,,,,,,,,,,,,
,,,,,,,,,,,,,,,,,,,
,,,,,,,,,,,,,,,,,,,
,,,,,,,,,,,,,,,,,,,
,,,,,,,,,,,,,,,,,,,
,,,,,,,,,,,,,,,,,,,
,,,,,,,,,,,,,,,,,,,
,,,,,,,,,,,,,,,,,,,
,,,,,,,,,,,,,,,,,,,
,,,,,,,,,,,,,,,,,,,
,,,,,,,,,,,,,,,,,,,
,,,,,,,,,,,,,,,,,,,
,,,,,,,,,,,,,,,,,,,
,,,,,,,,,,,,,,,,,,,
,,,,,,,,,,,,,,,,,,,
,,,,,,,,,,,,,,,,,,,
,,,,,,,,,,,,,,,,,,,
,,,,,,,,,,,,,,,,,,,
,,,,,,,,,,,,,,,,,,,
,,,,,,,,,,,,,,,,,,,
,,,,,,,,,,,,,,,,,,,
,,,,,,,,,,,,,,,,,,,
,,,,,,,,,,,,,,,,,,,
,,,,,,,,,,,,,,,,,,,
,,,,,,,,,,,,,,,,,,,
,,,,,,,,,,,,,,,,,,,
,,,,,,,,,,,,,,,,,,,
,,,,,,,,,,,,,,,,,,,
,,,,,,,,,,,,,,,,,,,
,,,,,,,,,,,,,,,,,,,
,,,,,,,,,,,,,,,,,,,
,,,,,,,,,,,,,,,,,,,
,,,,,,,,,,,,,,,,,,,
,,,,,,,,,,,,,,,,,,,
,,,,,,,,,,,,,,,,,,,
,,,,,,,,,,,,,,,,,,,
,,,,,,,,,,,,,,,,,,,
,,,,,,,,,,,,,,,,,,,
,,,,,,,,,,,,,,,,,,,
,,,,,,,,,,,,,,,,,,,
,,,,,,,,,,,,,,,,,,,
,,,,,,,,,,,,,,,,,,,
,,,,,,,,,,,,,,,,,,,
,,,,,,,,,,,,,,,,,,,
,,,,,,,,,,,,,,,,,,,
,,,,,,,,,,,,,,,,,,,
,,,,,,,,,,,,,,,,,,,
,,,,,,,,,,,,,,,,,,,
,,,,,,,,,,,,,,,,,,,
,,,,,,,,,,,,,,,,,,,
,,,,,,,,,,,,,,,,,,,
,,,,,,,,,,,,,,,,,,,
,,,,,,,,,,,,,,,,,,,
,,,,,,,,,,,,,,,,,,,
,,,,,,,,,,,,,,,,,,,
,,,,,,,,,,,,,,,,,,,
,,,,,,,,,,,,,,,,,,,
,,,,,,,,,,,,,,,,,,,
,,,,,,,,,,,,,,,,,,,
,,,,,,,,,,,,,,,,,,,
,,,,,,,,,,,,,,,,,,,
,,,,,,,,,,,,,,,,,,,
,,,,,,,,,,,,,,,,,,,
,,,,,,,,,,,,,,,,,,,
,,,,,,,,,,,,,,,,,,,
,,,,,,,,,,,,,,,,,,,
,,,,,,,,,,,,,,,,,,,
,,,,,,,,,,,,,,,,,,,
,,,,,,,,,,,,,,,,,,,
,,,,,,,,,,,,,,,,,,,
,,,,,,,,,,,,,,,,,,,
,,,,,,,,,,,,,,,,,,,
,,,,,,,,,,,,,,,,,,,
,,,,,,,,,,,,,,,,,,,
,,,,,,,,,,,,,,,,,,,
,,,,,,,,,,,,,,,,,,,
,,,,,,,,,,,,,,,,,,,
,,,,,,,,,,,,,,,,,,,
,,,,,,,,,,,,,,,,,,,
,,,,,,,,,,,,,,,,,,,
,,,,,,,,,,,,,,,,,,,
,,,,,,,,,,,,,,,,,,,
,,,,,,,,,,,,,,,,,,,
,,,,,,,,,,,,,,,,,,,
,,,,,,,,,,,,,,,,,,,
,,,,,,,,,,,,,,,,,,,
,,,,,,,,,,,,,,,,,,,
,,,,,,,,,,,,,,,,,,,
,,,,,,,,,,,,,,,,,,,
,,,,,,,,,,,,,,,,,,,
,,,,,,,,,,,,,,,,,,,
,,,,,,,,,,,,,,,,,,,
,,,,,,,,,,,,,,,,,,,
,,,,,,,,,,,,,,,,,,,
,,,,,,,,,,,,,,,,,,,
,,,,,,,,,,,,,,,,,,,
,,,,,,,,,,,,,,,,,,,
,,,,,,,,,,,,,,,,,,,
,,,,,,,,,,,,,,,,,,,
,,,,,,,,,,,,,,,,,,,
,,,,,,,,,,,,,,,,,,,
,,,,,,,,,,,,,,,,,,,
,,,,,,,,,,,,,,,,,,,
,,,,,,,,,,,,,,,,,,,
,,,,,,,,,,,,,,,,,,,
,,,,,,,,,,,,,,,,,,,
,,,,,,,,,,,,,,,,,,,
,,,,,,,,,,,,,,,,,,,
,,,,,,,,,,,,,,,,,,,
,,,,,,,,,,,,,,,,,,,
,,,,,,,,,,,,,,,,,,,
,,,,,,,,,,,,,,,,,,,
,,,,,,,,,,,,,,,,,,,
,,,,,,,,,,,,,,,,,,,
,,,,,,,,,,,,,,,,,,,
,,,,,,,,,,,,,,,,,,,
,,,,,,,,,,,,,,,,,,,
,,,,,,,,,,,,,,,,,,,
,,,,,,,,,,,,,,,,,,,
,,,,,,,,,,,,,,,,,,,
,,,,,,,,,,,,,,,,,,,
,,,,,,,,,,,,,,,,,,,
,,,,,,,,,,,,,,,,,,,
,,,,,,,,,,,,,,,,,,,
,,,,,,,,,,,,,,,,,,,
,,,,,,,,,,,,,,,,,,,
,,,,,,,,,,,,,,,,,,,
,,,,,,,,,,,,,,,,,,,
,,,,,,,,,,,,,,,,,,,
,,,,,,,,,,,,,,,,,,,
,,,,,,,,,,,,,,,,,,,
,,,,,,,,,,,,,,,,,,,
,,,,,,,,,,,,,,,,,,,
,,,,,,,,,,,,,,,,,,,
,,,,,,,,,,,,,,,,,,,
,,,,,,,,,,,,,,,,,,,
,,,,,,,,,,,,,,,,,,,
,,,,,,,,,,,,,,,,,,,
,,,,,,,,,,,,,,,,,,,
,,,,,,,,,,,,,,,,,,,
,,,,,,,,,,,,,,,,,,,
,,,,,,,,,,,,,,,,,,,
,,,,,,,,,,,,,,,,,,,
,,,,,,,,,,,,,,,,,,,
,,,,,,,,,,,,,,,,,,,
,,,,,,,,,,,,,,,,,,,
,,,,,,,,,,,,,,,,,,,
,,,,,,,,,,,,,,,,,,,
,,,,,,,,,,,,,,,,,,,
,,,,,,,,,,,,,,,,,,,
,,,,,,,,,,,,,,,,,,,
,,,,,,,,,,,,,,,,,,,
,,,,,,,,,,,,,,,,,,,
,,,,,,,,,,,,,,,,,,,
,,,,,,,,,,,,,,,,,,,
,,,,,,,,,,,,,,,,,,,
,,,,,,,,,,,,,,,,,,,
,,,,,,,,,,,,,,,,,,,
,,,,,,,,,,,,,,,,,,,
,,,,,,,,,,,,,,,,,,,
,,,,,,,,,,,,,,,,,,,
,,,,,,,,,,,,,,,,,,,
,,,,,,,,,,,,,,,,,,,
,,,,,,,,,,,,,,,,,,,
,,,,,,,,,,,,,,,,,,,
,,,,,,,,,,,,,,,,,,,
,,,,,,,,,,,,,,,,,,,
,,,,,,,,,,,,,,,,,,,
,,,,,,,,,,,,,,,,,,,
,,,,,,,,,,,,,,,,,,,
,,,,,,,,,,,,,,,,,,,
,,,,,,,,,,,,,,,,,,,
,,,,,,,,,,,,,,,,,,,
,,,,,,,,,,,,,,,,,,,
,,,,,,,,,,,,,,,,,,,
,,,,,,,,,,,,,,,,,,,
,,,,,,,,,,,,,,,,,,,
,,,,,,,,,,,,,,,,,,,
,,,,,,,,,,,,,,,,,,,
,,,,,,,,,,,,,,,,,,,
,,,,,,,,,,,,,,,,,,,
,,,,,,,,,,,,,,,,,,,
,,,,,,,,,,,,,,,,,,,
,,,,,,,,,,,,,,,,,,,
,,,,,,,,,,,,,,,,,,,
,,,,,,,,,,,,,,,,,,,
,,,,,,,,,,,,,,,,,,,
,,,,,,,,,,,,,,,,,,,
,,,,,,,,,,,,,,,,,,,
,,,,,,,,,,,,,,,,,,,
,,,,,,,,,,,,,,,,,,,
,,,,,,,,,,,,,,,,,,,
,,,,,,,,,,,,,,,,,,,
,,,,,,,,,,,,,,,,,,,
,,,,,,,,,,,,,,,,,,,
,,,,,,,,,,,,,,,,,,,
,,,,,,,,,,,,,,,,,,,
,,,,,,,,,,,,,,,,,,,
,,,,,,,,,,,,,,,,,,,
,,,,,,,,,,,,,,,,,,,
,,,,,,,,,,,,,,,,,,,
,,,,,,,,,,,,,,,,,,,
,,,,,,,,,,,,,,,,,,,
,,,,,,,,,,,,,,,,,,,
,,,,,,,,,,,,,,,,,,,
,,,,,,,,,,,,,,,,,,,
,,,,,,,,,,,,,,,,,,,
,,,,,,,,,,,,,,,,,,,
,,,,,,,,,,,,,,,,,,,
,,,,,,,,,,,,,,,,,,,
,,,,,,,,,,,,,,,,,,,
,,,,,,,,,,,,,,,,,,,
,,,,,,,,,,,,,,,,,,,
,,,,,,,,,,,,,,,,,,,
,,,,,,,,,,,,,,,,,,,
,,,,,,,,,,,,,,,,,,,
,,,,,,,,,,,,,,,,,,,
,,,,,,,,,,,,,,,,,,,
,,,,,,,,,,,,,,,,,,,
,,,,,,,,,,,,,,,,,,,
,,,,,,,,,,,,,,,,,,,
,,,,,,,,,,,,,,,,,,,
,,,,,,,,,,,,,,,,,,,
,,,,,,,,,,,,,,,,,,,
,,,,,,,,,,,,,,,,,,,
,,,,,,,,,,,,,,,,,,,
,,,,,,,,,,,,,,,,,,,
,,,,,,,,,,,,,,,,,,,
,,,,,,,,,,,,,,,,,,,
,,,,,,,,,,,,,,,,,,,
,,,,,,,,,,,,,,,,,,,
,,,,,,,,,,,,,,,,,,,
,,,,,,,,,,,,,,,,,,,
,,,,,,,,,,,,,,,,,,,
,,,,,,,,,,,,,,,,,,,
,,,,,,,,,,,,,,,,,,,
,,,,,,,,,,,,,,,,,,,
,,,,,,,,,,,,,,,,,,,
,,,,,,,,,,,,,,,,,,,
,,,,,,,,,,,,,,,,,,,
,,,,,,,,,,,,,,,,,,,
,,,,,,,,,,,,,,,,,,,
,,,,,,,,,,,,,,,,,,,
,,,,,,,,,,,,,,,,,,,
,,,,,,,,,,,,,,,,,,,
,,,,,,,,,,,,,,,,,,,
,,,,,,,,,,,,,,,,,,,
,,,,,,,,,,,,,,,,,,,
,,,,,,,,,,,,,,,,,,,
,,,,,,,,,,,,,,,,,,,
,,,,,,,,,,,,,,,,,,,
,,,,,,,,,,,,,,,,,,,
,,,,,,,,,,,,,,,,,,,
,,,,,,,,,,,,,,,,,,,
,,,,,,,,,,,,,,,,,,,
,,,,,,,,,,,,,,,,,,,
,,,,,,,,,,,,,,,,,,,
,,,,,,,,,,,,,,,,,,,
,,,,,,,,,,,,,,,,,,,
,,,,,,,,,,,,,,,,,,,
,,,,,,,,,,,,,,,,,,,
,,,,,,,,,,,,,,,,,,,
,,,,,,,,,,,,,,,,,,,
,,,,,,,,,,,,,,,,,,,
,,,,,,,,,,,,,,,,,,,
,,,,,,,,,,,,,,,,,,,
,,,,,,,,,,,,,,,,,,,
,,,,,,,,,,,,,,,,,,,
,,,,,,,,,,,,,,,,,,,
,,,,,,,,,,,,,,,,,,,
,,,,,,,,,,,,,,,,,,,
,,,,,,,,,,,,,,,,,,,
,,,,,,,,,,,,,,,,,,,
,,,,,,,,,,,,,,,,,,,
,,,,,,,,,,,,,,,,,,,
,,,,,,,,,,,,,,,,,,,
,,,,,,,,,,,,,,,,,,,
,,,,,,,,,,,,,,,,,,,
,,,,,,,,,,,,,,,,,,,
,,,,,,,,,,,,,,,,,,,
,,,,,,,,,,,,,,,,,,,
,,,,,,,,,,,,,,,,,,,
,,,,,,,,,,,,,,,,,,,
,,,,,,,,,,,,,,,,,,,
,,,,,,,,,,,,,,,,,,,
,,,,,,,,,,,,,,,,,,,
,,,,,,,,,,,,,,,,,,,
,,,,,,,,,,,,,,,,,,,
,,,,,,,,,,,,,,,,,,,
,,,,,,,,,,,,,,,,,,,
,,,,,,,,,,,,,,,,,,,
,,,,,,,,,,,,,,,,,,,
,,,,,,,,,,,,,,,,,,,
,,,,,,,,,,,,,,,,,,,
,,,,,,,,,,,,,,,,,,,
,,,,,,,,,,,,,,,,,,,
,,,,,,,,,,,,,,,,,,,
,,,,,,,,,,,,,,,,,,,
,,,,,,,,,,,,,,,,,,,
,,,,,,,,,,,,,,,,,,,
,,,,,,,,,,,,,,,,,,,
,,,,,,,,,,,,,,,,,,,
,,,,,,,,,,,,,,,,,,,
,,,,,,,,,,,,,,,,,,,
,,,,,,,,,,,,,,,,,,,
,,,,,,,,,,,,,,,,,,,
,,,,,,,,,,,,,,,,,,,
,,,,,,,,,,,,,,,,,,,
,,,,,,,,,,,,,,,,,,,
,,,,,,,,,,,,,,,,,,,
,,,,,,,,,,,,,,,,,,,
,,,,,,,,,,,,,,,,,,,
,,,,,,,,,,,,,,,,,,,
,,,,,,,,,,,,,,,,,,,
,,,,,,,,,,,,,,,,,,,
,,,,,,,,,,,,,,,,,,,
,,,,,,,,,,,,,,,,,,,
,,,,,,,,,,,,,,,,,,,
,,,,,,,,,,,,,,,,,,,
,,,,,,,,,,,,,,,,,,,
,,,,,,,,,,,,,,,,,,,
,,,,,,,,,,,,,,,,,,,
,,,,,,,,,,,,,,,,,,,
,,,,,,,,,,,,,,,,,,,
,,,,,,,,,,,,,,,,,,,
,,,,,,,,,,,,,,,,,,,
,,,,,,,,,,,,,,,,,,,
,,,,,,,,,,,,,,,,,,,
,,,,,,,,,,,,,,,,,,,
,,,,,,,,,,,,,,,,,,,
,,,,,,,,,,,,,,,,,,,
,,,,,,,,,,,,,,,,,,,
,,,,,,,,,,,,,,,,,,,
,,,,,,,,,,,,,,,,,,,
,,,,,,,,,,,,,,,,,,,
,,,,,,,,,,,,,,,,,,,
,,,,,,,,,,,,,,,,,,,
,,,,,,,,,,,,,,,,,,,
,,,,,,,,,,,,,,,,,,,
,,,,,,,,,,,,,,,,,,,
,,,,,,,,,,,,,,,,,,,
,,,,,,,,,,,,,,,,,,,
,,,,,,,,,,,,,,,,,,,
,,,,,,,,,,,,,,,,,,,
,,,,,,,,,,,,,,,,,,,
,,,,,,,,,,,,,,,,,,,
,,,,,,,,,,,,,,,,,,,
,,,,,,,,,,,,,,,,,,,
,,,,,,,,,,,,,,,,,,,
,,,,,,,,,,,,,,,,,,,
,,,,,,,,,,,,,,,,,,,
,,,,,,,,,,,,,,,,,,,
,,,,,,,,,,,,,,,,,,,
,,,,,,,,,,,,,,,,,,,
,,,,,,,,,,,,,,,,,,,
,,,,,,,,,,,,,,,,,,,
,,,,,,,,,,,,,,,,,,,
,,,,,,,,,,,,,,,,,,,
,,,,,,,,,,,,,,,,,,,
,,,,,,,,,,,,,,,,,,,
,,,,,,,,,,,,,,,,,,,
,,,,,,,,,,,,,,,,,,,
,,,,,,,,,,,,,,,,,,,
,,,,,,,,,,,,,,,,,,,
,,,,,,,,,,,,,,,,,,,
,,,,,,,,,,,,,,,,,,,
,,,,,,,,,,,,,,,,,,,
,,,,,,,,,,,,,,,,,,,
,,,,,,,,,,,,,,,,,,,
,,,,,,,,,,,,,,,,,,,
,,,,,,,,,,,,,,,,,,,
,,,,,,,,,,,,,,,,,,,
,,,,,,,,,,,,,,,,,,,
,,,,,,,,,,,,,,,,,,,
,,,,,,,,,,,,,,,,,,,
,,,,,,,,,,,,,,,,,,,
,,,,,,,,,,,,,,,,,,,
,,,,,,,,,,,,,,,,,,,
,,,,,,,,,,,,,,,,,,,
,,,,,,,,,,,,,,,,,,,
,,,,,,,,,,,,,,,,,,,
,,,,,,,,,,,,,,,,,,,
,,,,,,,,,,,,,,,,,,,
,,,,,,,,,,,,,,,,,,,
,,,,,,,,,,,,,,,,,,,
,,,,,,,,,,,,,,,,,,,
,,,,,,,,,,,,,,,,,,,
,,,,,,,,,,,,,,,,,,,
,,,,,,,,,,,,,,,,,,,
,,,,,,,,,,,,,,,,,,,
,,,,,,,,,,,,,,,,,,,
,,,,,,,,,,,,,,,,,,,
,,,,,,,,,,,,,,,,,,,
,,,,,,,,,,,,,,,,,,,
,,,,,,,,,,,,,,,,,,,
,,,,,,,,,,,,,,,,,,,
,,,,,,,,,,,,,,,,,,,
,,,,,,,,,,,,,,,,,,,
,,,,,,,,,,,,,,,,,,,
,,,,,,,,,,,,,,,,,,,
,,,,,,,,,,,,,,,,,,,
,,,,,,,,,,,,,,,,,,,
,,,,,,,,,,,,,,,,,,,
,,,,,,,,,,,,,,,,,,,
,,,,,,,,,,,,,,,,,,,
,,,,,,,,,,,,,,,,,,,
,,,,,,,,,,,,,,,,,,,
,,,,,,,,,,,,,,,,,,,
,,,,,,,,,,,,,,,,,,,
,,,,,,,,,,,,,,,,,,,
,,,,,,,,,,,,,,,,,,,
,,,,,,,,,,,,,,,,,,,
,,,,,,,,,,,,,,,,,,,
,,,,,,,,,,,,,,,,,,,
,,,,,,,,,,,,,,,,,,,
,,,,,,,,,,,,,,,,,,,
,,,,,,,,,,,,,,,,,,,
,,,,,,,,,,,,,,,,,,,
,,,,,,,,,,,,,,,,,,,
,,,,,,,,,,,,,,,,,,,
,,,,,,,,,,,,,,,,,,,
,,,,,,,,,,,,,,,,,,,
,,,,,,,,,,,,,,,,,,,
,,,,,,,,,,,,,,,,,,,
,,,,,,,,,,,,,,,,,,,
,,,,,,,,,,,,,,,,,,,
,,,,,,,,,,,,,,,,,,,
,,,,,,,,,,,,,,,,,,,
,,,,,,,,,,,,,,,,,,,
,,,,,,,,,,,,,,,,,,,
,,,,,,,,,,,,,,,,,,,
,,,,,,,,,,,,,,,,,,,
,,,,,,,,,,,,,,,,,,,
,,,,,,,,,,,,,,,,,,,
,,,,,,,,,,,,,,,,,,,
,,,,,,,,,,,,,,,,,,,
,,,,,,,,,,,,,,,,,,,
,,,,,,,,,,,,,,,,,,,
,,,,,,,,,,,,,,,,,,,
,,,,,,,,,,,,,,,,,,,
,,,,,,,,,,,,,,,,,,,
,,,,,,,,,,,,,,,,,,,
,,,,,,,,,,,,,,,,,,,
,,,,,,,,,,,,,,,,,,,
,,,,,,,,,,,,,,,,,,,
,,,,,,,,,,,,,,,,,,,
,,,,,,,,,,,,,,,,,,,
,,,,,,,,,,,,,,,,,,,
,,,,,,,,,,,,,,,,,,,
,,,,,,,,,,,,,,,,,,,
,,,,,,,,,,,,,,,,,,,
,,,,,,,,,,,,,,,,,,,
,,,,,,,,,,,,,,,,,,,
,,,,,,,,,,,,,,,,,,,
,,,,,,,,,,,,,,,,,,,
,,,,,,,,,,,,,,,,,,,
,,,,,,,,,,,,,,,,,,,
,,,,,,,,,,,,,,,,,,,
,,,,,,,,,,,,,,,,,,,
,,,,,,,,,,,,,,,,,,,
,,,,,,,,,,,,,,,,,,,
,,,,,,,,,,,,,,,,,,,
,,,,,,,,,,,,,,,,,,,
,,,,,,,,,,,,,,,,,,,
,,,,,,,,,,,,,,,,,,,
,,,,,,,,,,,,,,,,,,,
,,,,,,,,,,,,,,,,,,,
,,,,,,,,,,,,,,,,,,,
,,,,,,,,,,,,,,,,,,,
,,,,,,,,,,,,,,,,,,,
,,,,,,,,,,,,,,,,,,,
,,,,,,,,,,,,,,,,,,,
,,,,,,,,,,,,,,,,,,,
,,,,,,,,,,,,,,,,,,,
,,,,,,,,,,,,,,,,,,,
,,,,,,,,,,,,,,,,,,,
,,,,,,,,,,,,,,,,,,,
,,,,,,,,,,,,,,,,,,,
,,,,,,,,,,,,,,,,,,,
,,,,,,,,,,,,,,,,,,,
,,,,,,,,,,,,,,,,,,,
,,,,,,,,,,,,,,,,,,,
,,,,,,,,,,,,,,,,,,,
,,,,,,,,,,,,,,,,,,,
,,,,,,,,,,,,,,,,,,,
,,,,,,,,,,,,,,,,,,,
,,,,,,,,,,,,,,,,,,,
,,,,,,,,,,,,,,,,,,,
,,,,,,,,,,,,,,,,,,,
,,,,,,,,,,,,,,,,,,,
,,,,,,,,,,,,,,,,,,,
,,,,,,,,,,,,,,,,,,,
,,,,,,,,,,,,,,,,,,,
,,,,,,,,,,,,,,,,,,,
,,,,,,,,,,,,,,,,,,,
,,,,,,,,,,,,,,,,,,,
,,,,,,,,,,,,,,,,,,,
,,,,,,,,,,,,,,,,,,,
,,,,,,,,,,,,,,,,,,,
,,,,,,,,,,,,,,,,,,,
,,,,,,,,,,,,,,,,,,,
,,,,,,,,,,,,,,,,,,,
,,,,,,,,,,,,,,,,,,,
,,,,,,,,,,,,,,,,,,,
,,,,,,,,,,,,,,,,,,,
,,,,,,,,,,,,,,,,,,,
,,,,,,,,,,,,,,,,,,,
,,,,,,,,,,,,,,,,,,,
,,,,,,,,,,,,,,,,,,,
,,,,,,,,,,,,,,,,,,,
,,,,,,,,,,,,,,,,,,,
,,,,,,,,,,,,,,,,,,,
,,,,,,,,,,,,,,,,,,,
,,,,,,,,,,,,,,,,,,,
,,,,,,,,,,,,,,,,,,,
,,,,,,,,,,,,,,,,,,,
,,,,,,,,,,,,,,,,,,,
,,,,,,,,,,,,,,,,,,,
,,,,,,,,,,,,,,,,,,,
,,,,,,,,,,,,,,,,,,,
,,,,,,,,,,,,,,,,,,,
,,,,,,,,,,,,,,,,,,,
,,,,,,,,,,,,,,,,,,,
,,,,,,,,,,,,,,,,,,,
,,,,,,,,,,,,,,,,,,,
,,,,,,,,,,,,,,,,,,,
,,,,,,,,,,,,,,,,,,,
,,,,,,,,,,,,,,,,,,,
,,,,,,,,,,,,,,,,,,,
,,,,,,,,,,,,,,,,,,,
,,,,,,,,,,,,,,,,,,,
,,,,,,,,,,,,,,,,,,,
,,,,,,,,,,,,,,,,,,,
,,,,,,,,,,,,,,,,,,,
,,,,,,,,,,,,,,,,,,,
,,,,,,,,,,,,,,,,,,,
,,,,,,,,,,,,,,,,,,,
,,,,,,,,,,,,,,,,,,,
,,,,,,,,,,,,,,,,,,,
,,,,,,,,,,,,,,,,,,,
,,,,,,,,,,,,,,,,,,,
,,,,,,,,,,,,,,,,,,,
,,,,,,,,,,,,,,,,,,,
,,,,,,,,,,,,,,,,,,,
,,,,,,,,,,,,,,,,,,,
,,,,,,,,,,,,,,,,,,,
,,,,,,,,,,,,,,,,,,,
,,,,,,,,,,,,,,,,,,,
,,,,,,,,,,,,,,,,,,,
,,,,,,,,,,,,,,,,,,,
,,,,,,,,,,,,,,,,,,,
,,,,,,,,,,,,,,,,,,,
,,,,,,,,,,,,,,,,,,,
,,,,,,,,,,,,,,,,,,,
,,,,,,,,,,,,,,,,,,,
,,,,,,,,,,,,,,,,,,,
,,,,,,,,,,,,,,,,,,,
,,,,,,,,,,,,,,,,,,,
,,,,,,,,,,,,,,,,,,,
,,,,,,,,,,,,,,,,,,,
,,,,,,,,,,,,,,,,,,,
,,,,,,,,,,,,,,,,,,,
,,,,,,,,,,,,,,,,,,,
,,,,,,,,,,,,,,,,,,,
,,,,,,,,,,,,,,,,,,,
,,,,,,,,,,,,,,,,,,,
,,,,,,,,,,,,,,,,,,,
,,,,,,,,,,,,,,,,,,,
,,,,,,,,,,,,,,,,,,,
,,,,,,,,,,,,,,,,,,,
,,,,,,,,,,,,,,,,,,,
,,,,,,,,,,,,,,,,,,,
,,,,,,,,,,,,,,,,,,,
,,,,,,,,,,,,,,,,,,,
,,,,,,,,,,,,,,,,,,,
,,,,,,,,,,,,,,,,,,,
,,,,,,,,,,,,,,,,,,,
,,,,,,,,,,,,,,,,,,,
,,,,,,,,,,,,,,,,,,,
,,,,,,,,,,,,,,,,,,,
,,,,,,,,,,,,,,,,,,,
,,,,,,,,,,,,,,,,,,,
,,,,,,,,,,,,,,,,,,,
,,,,,,,,,,,,,,,,,,,
,,,,,,,,,,,,,,,,,,,
,,,,,,,,,,,,,,,,,,,
,,,,,,,,,,,,,,,,,,,
,,,,,,,,,,,,,,,,,,,
,,,,,,,,,,,,,,,,,,,
,,,,,,,,,,,,,,,,,,,
,,,,,,,,,,,,,,,,,,,
,,,,,,,,,,,,,,,,,,,
,,,,,,,,,,,,,,,,,,,
,,,,,,,,,,,,,,,,,,,
,,,,,,,,,,,,,,,,,,,
,,,,,,,,,,,,,,,,,,,
,,,,,,,,,,,,,,,,,,,
,,,,,,,,,,,,,,,,,,,
,,,,,,,,,,,,,,,,,,,
,,,,,,,,,,,,,,,,,,,
,,,,,,,,,,,,,,,,,,,
,,,,,,,,,,,,,,,,,,,
,,,,,,,,,,,,,,,,,,,
,,,,,,,,,,,,,,,,,,,
,,,,,,,,,,,,,,,,,,,
,,,,,,,,,,,,,,,,,,,
,,,,,,,,,,,,,,,,,,,
,,,,,,,,,,,,,,,,,,,
,,,,,,,,,,,,,,,,,,,
,,,,,,,,,,,,,,,,,,,
,,,,,,,,,,,,,,,,,,,
,,,,,,,,,,,,,,,,,,,
,,,,,,,,,,,,,,,,,,,
,,,,,,,,,,,,,,,,,,,
,,,,,,,,,,,,,,,,,,,
,,,,,,,,,,,,,,,,,,,
,,,,,,,,,,,,,,,,,,,
,,,,,,,,,,,,,,,,,,,
,,,,,,,,,,,,,,,,,,,
,,,,,,,,,,,,,,,,,,,
,,,,,,,,,,,,,,,,,,,
,,,,,,,,,,,,,,,,,,,
,,,,,,,,,,,,,,,,,,,
,,,,,,,,,,,,,,,,,,,
,,,,,,,,,,,,,,,,,,,
,,,,,,,,,,,,,,,,,,,
,,,,,,,,,,,,,,,,,,,
,,,,,,,,,,,,,,,,,,,
,,,,,,,,,,,,,,,,,,,
,,,,,,,,,,,,,,,,,,,
,,,,,,,,,,,,,,,,,,,
,,,,,,,,,,,,,,,,,,,
,,,,,,,,,,,,,,,,,,,
,,,,,,,,,,,,,,,,,,,
,,,,,,,,,,,,,,,,,,,
,,,,,,,,,,,,,,,,,,,
,,,,,,,,,,,,,,,,,,,
,,,,,,,,,,,,,,,,,,,
,,,,,,,,,,,,,,,,,,,
,,,,,,,,,,,,,,,,,,,
,,,,,,,,,,,,,,,,,,,
,,,,,,,,,,,,,,,,,,,
,,,,,,,,,,,,,,,,,,,
,,,,,,,,,,,,,,,,,,,
,,,,,,,,,,,,,,,,,,,
,,,,,,,,,,,,,,,,,,,
,,,,,,,,,,,,,,,,,,,
,,,,,,,,,,,,,,,,,,,
,,,,,,,,,,,,,,,,,,,
,,,,,,,,,,,,,,,,,,,
,,,,,,,,,,,,,,,,,,,
,,,,,,,,,,,,,,,,,,,
,,,,,,,,,,,,,,,,,,,
,,,,,,,,,,,,,,,,,,,
,,,,,,,,,,,,,,,,,,,
,,,,,,,,,,,,,,,,,,,
,,,,,,,,,,,,,,,,,,,
,,,,,,,,,,,,,,,,,,,
,,,,,,,,,,,,,,,,,,,
,,,,,,,,,,,,,,,,,,,
,,,,,,,,,,,,,,,,,,,
,,,,,,,,,,,,,,,,,,,
,,,,,,,,,,,,,,,,,,,
,,,,,,,,,,,,,,,,,,,
,,,,,,,,,,,,,,,,,,,
,,,,,,,,,,,,,,,,,,,
,,,,,,,,,,,,,,,,,,,
,,,,,,,,,,,,,,,,,,,
,,,,,,,,,,,,,,,,,,,
,,,,,,,,,,,,,,,,,,,
,,,,,,,,,,,,,,,,,,,
,,,,,,,,,,,,,,,,,,,
,,,,,,,,,,,,,,,,,,,
,,,,,,,,,,,,,,,,,,,
,,,,,,,,,,,,,,,,,,,
,,,,,,,,,,,,,,,,,,,
,,,,,,,,,,,,,,,,,,,
,,,,,,,,,,,,,,,,,,,
,,,,,,,,,,,,,,,,,,,
,,,,,,,,,,,,,,,,,,,
,,,,,,,,,,,,,,,,,,,
,,,,,,,,,,,,,,,,,,,
,,,,,,,,,,,,,,,,,,,
,,,,,,,,,,,,,,,,,,,
,,,,,,,,,,,,,,,,,,,
,,,,,,,,,,,,,,,,,,,
,,,,,,,,,,,,,,,,,,,
,,,,,,,,,,,,,,,,,,,
,,,,,,,,,,,,,,,,,,,
,,,,,,,,,,,,,,,,,,,
,,,,,,,,,,,,,,,,,,,
,,,,,,,,,,,,,,,,,,,
,,,,,,,,,,,,,,,,,,,
,,,,,,,,,,,,,,,,,,,
,,,,,,,,,,,,,,,,,,,
,,,,,,,,,,,,,,,,,,,
,,,,,,,,,,,,,,,,,,,
,,,,,,,,,,,,,,,,,,,
,,,,,,,,,,,,,,,,,,,
,,,,,,,,,,,,,,,,,,,
,,,,,,,,,,,,,,,,,,,
,,,,,,,,,,,,,,,,,,,
,,,,,,,,,,,,,,,,,,,
,,,,,,,,,,,,,,,,,,,
,,,,,,,,,,,,,,,,,,,
,,,,,,,,,,,,,,,,,,,
,,,,,,,,,,,,,,,,,,,
,,,,,,,,,,,,,,,,,,,
,,,,,,,,,,,,,,,,,,,
,,,,,,,,,,,,,,,,,,,
,,,,,,,,,,,,,,,,,,,
,,,,,,,,,,,,,,,,,,,
,,,,,,,,,,,,,,,,,,,
,,,,,,,,,,,,,,,,,,,
,,,,,,,,,,,,,,,,,,,
,,,,,,,,,,,,,,,,,,,
,,,,,,,,,,,,,,,,,,,
,,,,,,,,,,,,,,,,,,,
,,,,,,,,,,,,,,,,,,,
,,,,,,,,,,,,,,,,,,,
,,,,,,,,,,,,,,,,,,,
,,,,,,,,,,,,,,,,,,,
,,,,,,,,,,,,,,,,,,,
,,,,,,,,,,,,,,,,,,,
,,,,,,,,,,,,,,,,,,,
,,,,,,,,,,,,,,,,,,,
,,,,,,,,,,,,,,,,,,,
,,,,,,,,,,,,,,,,,,,
,,,,,,,,,,,,,,,,,,,
,,,,,,,,,,,,,,,,,,,
,,,,,,,,,,,,,,,,,,,
,,,,,,,,,,,,,,,,,,,
,,,,,,,,,,,,,,,,,,,
,,,,,,,,,,,,,,,,,,,
,,,,,,,,,,,,,,,,,,,
,,,,,,,,,,,,,,,,,,,
,,,,,,,,,,,,,,,,,,,
,,,,,,,,,,,,,,,,,,,
,,,,,,,,,,,,,,,,,,,
,,,,,,,,,,,,,,,,,,,
,,,,,,,,,,,,,,,,,,,
,,,,,,,,,,,,,,,,,,,
,,,,,,,,,,,,,,,,,,,
,,,,,,,,,,,,,,,,,,,
,,,,,,,,,,,,,,,,,,,
,,,,,,,,,,,,,,,,,,,
,,,,,,,,,,,,,,,,,,,
,,,,,,,,,,,,,,,,,,,
,,,,,,,,,,,,,,,,,,,
,,,,,,,,,,,,,,,,,,,
,,,,,,,,,,,,,,,,,,,
,,,,,,,,,,,,,,,,,,,
,,,,,,,,,,,,,,,,,,,
,,,,,,,,,,,,,,,,,,,
,,,,,,,,,,,,,,,,,,,
,,,,,,,,,,,,,,,,,,,
,,,,,,,,,,,,,,,,,,,
,,,,,,,,,,,,,,,,,,,
,,,,,,,,,,,,,,,,,,,
,,,,,,,,,,,,,,,,,,,
,,,,,,,,,,,,,,,,,,,
,,,,,,,,,,,,,,,,,,,
,,,,,,,,,,,,,,,,,,,
,,,,,,,,,,,,,,,,,,,
,,,,,,,,,,,,,,,,,,,
,,,,,,,,,,,,,,,,,,,
,,,,,,,,,,,,,,,,,,,
,,,,,,,,,,,,,,,,,,,
,,,,,,,,,,,,,,,,,,,
,,,,,,,,,,,,,,,,,,,
,,,,,,,,,,,,,,,,,,,
,,,,,,,,,,,,,,,,,,,
,,,,,,,,,,,,,,,,,,,
,,,,,,,,,,,,,,,,,,,
,,,,,,,,,,,,,,,,,,,
,,,,,,,,,,,,,,,,,,,
,,,,,,,,,,,,,,,,,,,
,,,,,,,,,,,,,,,,,,,
,,,,,,,,,,,,,,,,,,,
,,,,,,,,,,,,,,,,,,,
,,,,,,,,,,,,,,,,,,,
,,,,,,,,,,,,,,,,,,,
,,,,,,,,,,,,,,,,,,,
,,,,,,,,,,,,,,,,,,,
,,,,,,,,,,,,,,,,,,,
,,,,,,,,,,,,,,,,,,,
,,,,,,,,,,,,,,,,,,,
,,,,,,,,,,,,,,,,,,,
,,,,,,,,,,,,,,,,,,,
,,,,,,,,,,,,,,,,,,,
,,,,,,,,,,,,,,,,,,,
,,,,,,,,,,,,,,,,,,,
,,,,,,,,,,,,,,,,,,,
,,,,,,,,,,,,,,,,,,,
,,,,,,,,,,,,,,,,,,,
,,,,,,,,,,,,,,,,,,,
,,,,,,,,,,,,,,,,,,,
,,,,,,,,,,,,,,,,,,,
,,,,,,,,,,,,,,,,,,,
,,,,,,,,,,,,,,,,,,,
,,,,,,,,,,,,,,,,,,,
,,,,,,,,,,,,,,,,,,,
,,,,,,,,,,,,,,,,,,,
,,,,,,,,,,,,,,,,,,,
,,,,,,,,,,,,,,,,,,,
,,,,,,,,,,,,,,,,,,,
,,,,,,,,,,,,,,,,,,,
,,,,,,,,,,,,,,,,,,,
,,,,,,,,,,,,,,,,,,,
,,,,,,,,,,,,,,,,,,,
,,,,,,,,,,,,,,,,,,,
,,,,,,,,,,,,,,,,,,,
,,,,,,,,,,,,,,,,,,,
,,,,,,,,,,,,,,,,,,,
,,,,,,,,,,,,,,,,,,,
,,,,,,,,,,,,,,,,,,,
,,,,,,,,,,,,,,,,,,,
,,,,,,,,,,,,,,,,,,,
,,,,,,,,,,,,,,,,,,,
,,,,,,,,,,,,,,,,,,,
,,,,,,,,,,,,,,,,,,,
,,,,,,,,,,,,,,,,,,,
,,,,,,,,,,,,,,,,,,,
,,,,,,,,,,,,,,,,,,,
,,,,,,,,,,,,,,,,,,,
,,,,,,,,,,,,,,,,,,,
,,,,,,,,,,,,,,,,,,,
,,,,,,,,,,,,,,,,,,,
,,,,,,,,,,,,,,,,,,,
,,,,,,,,,,,,,,,,,,,
,,,,,,,,,,,,,,,,,,,
,,,,,,,,,,,,,,,,,,,
,,,,,,,,,,,,,,,,,,,
,,,,,,,,,,,,,,,,,,,
,,,,,,,,,,,,,,,,,,,
,,,,,,,,,,,,,,,,,,,
,,,,,,,,,,,,,,,,,,,
,,,,,,,,,,,,,,,,,,,
,,,,,,,,,,,,,,,,,,,
,,,,,,,,,,,,,,,,,,,
,,,,,,,,,,,,,,,,,,,
,,,,,,,,,,,,,,,,,,,
,,,,,,,,,,,,,,,,,,,
,,,,,,,,,,,,,,,,,,,
,,,,,,,,,,,,,,,,,,,
,,,,,,,,,,,,,,,,,,,
,,,,,,,,,,,,,,,,,,,
,,,,,,,,,,,,,,,,,,,
,,,,,,,,,,,,,,,,,,,
,,,,,,,,,,,,,,,,,,,
,,,,,,,,,,,,,,,,,,,
,,,,,,,,,,,,,,,,,,,
,,,,,,,,,,,,,,,,,,,
,,,,,,,,,,,,,,,,,,,
,,,,,,,,,,,,,,,,,,,
,,,,,,,,,,,,,,,,,,,
,,,,,,,,,,,,,,,,,,,
,,,,,,,,,,,,,,,,,,,
,,,,,,,,,,,,,,,,,,,
,,,,,,,,,,,,,,,,,,,
,,,,,,,,,,,,,,,,,,,
,,,,,,,,,,,,,,,,,,,
,,,,,,,,,,,,,,,,,,,
,,,,,,,,,,,,,,,,,,,
,,,,,,,,,,,,,,,,,,,
,,,,,,,,,,,,,,,,,,,
,,,,,,,,,,,,,,,,,,,
,,,,,,,,,,,,,,,,,,,
,,,,,,,,,,,,,,,,,,,
,,,,,,,,,,,,,,,,,,,
,,,,,,,,,,,,,,,,,,,
,,,,,,,,,,,,,,,,,,,
,,,,,,,,,,,,,,,,,,,
,,,,,,,,,,,,,,,,,,,
,,,,,,,,,,,,,,,,,,,
,,,,,,,,,,,,,,,,,,,
,,,,,,,,,,,,,,,,,,,
,,,,,,,,,,,,,,,,,,,
,,,,,,,,,,,,,,,,,,,
,,,,,,,,,,,,,,,,,,,
,,,,,,,,,,,,,,,,,,,
,,,,,,,,,,,,,,,,,,,
,,,,,,,,,,,,,,,,,,,
,,,,,,,,,,,,,,,,,,,
,,,,,,,,,,,,,,,,,,,
,,,,,,,,,,,,,,,,,,,
,,,,,,,,,,,,,,,,,,,
,,,,,,,,,,,,,,,,,,,
,,,,,,,,,,,,,,,,,,,
,,,,,,,,,,,,,,,,,,,
,,,,,,,,,,,,,,,,,,,
,,,,,,,,,,,,,,,,,,,
,,,,,,,,,,,,,,,,,,,
,,,,,,,,,,,,,,,,,,,
,,,,,,,,,,,,,,,,,,,
,,,,,,,,,,,,,,,,,,,
,,,,,,,,,,,,,,,,,,,
,,,,,,,,,,,,,,,,,,,
,,,,,,,,,,,,,,,,,,,
,,,,,,,,,,,,,,,,,,,
,,,,,,,,,,,,,,,,,,,
,,,,,,,,,,,,,,,,,,,
,,,,,,,,,,,,,,,,,,,
,,,,,,,,,,,,,,,,,,,
,,,,,,,,,,,,,,,,,,,
,,,,,,,,,,,,,,,,,,,
,,,,,,,,,,,,,,,,,,,
,,,,,,,,,,,,,,,,,,,
,,,,,,,,,,,,,,,,,,,
,,,,,,,,,,,,,,,,,,,
,,,,,,,,,,,,,,,,,,,
,,,,,,,,,,,,,,,,,,,
,,,,,,,,,,,,,,,,,,,
,,,,,,,,,,,,,,,,,,,
,,,,,,,,,,,,,,,,,,,
,,,,,,,,,,,,,,,,,,,
,,,,,,,,,,,,,,,,,,,
,,,,,,,,,,,,,,,,,,,
,,,,,,,,,,,,,,,,,,,
,,,,,,,,,,,,,,,,,,,
,,,,,,,,,,,,,,,,,,,
,,,,,,,,,,,,,,,,,,,
,,,,,,,,,,,,,,,,,,,
,,,,,,,,,,,,,,,,,,,
,,,,,,,,,,,,,,,,,,,
,,,,,,,,,,,,,,,,,,,
,,,,,,,,,,,,,,,,,,,
,,,,,,,,,,,,,,,,,,,
,,,,,,,,,,,,,,,,,,,
,,,,,,,,,,,,,,,,,,,
,,,,,,,,,,,,,,,,,,,
,,,,,,,,,,,,,,,,,,,
,,,,,,,,,,,,,,,,,,,
,,,,,,,,,,,,,,,,,,,
,,,,,,,,,,,,,,,,,,,
,,,,,,,,,,,,,,,,,,,
,,,,,,,,,,,,,,,,,,,
,,,,,,,,,,,,,,,,,,,
,,,,,,,,,,,,,,,,,,,
,,,,,,,,,,,,,,,,,,,
,,,,,,,,,,,,,,,,,,,
,,,,,,,,,,,,,,,,,,,
,,,,,,,,,,,,,,,,,,,
,,,,,,,,,,,,,,,,,,,
,,,,,,,,,,,,,,,,,,,
,,,,,,,,,,,,,,,,,,,
,,,,,,,,,,,,,,,,,,,
,,,,,,,,,,,,,,,,,,,
,,,,,,,,,,,,,,,,,,,
,,,,,,,,,,,,,,,,,,,
,,,,,,,,,,,,,,,,,,,
,,,,,,,,,,,,,,,,,,,
,,,,,,,,,,,,,,,,,,,
,,,,,,,,,,,,,,,,,,,
,,,,,,,,,,,,,,,,,,,
,,,,,,,,,,,,,,,,,,,
,,,,,,,,,,,,,,,,,,,
,,,,,,,,,,,,,,,,,,,
,,,,,,,,,,,,,,,,,,,
,,,,,,,,,,,,,,,,,,,
,,,,,,,,,,,,,,,,,,,
,,,,,,,,,,,,,,,,,,,
,,,,,,,,,,,,,,,,,,,
,,,,,,,,,,,,,,,,,,,
,,,,,,,,,,,,,,,,,,,
,,,,,,,,,,,,,,,,,,,
,,,,,,,,,,,,,,,,,,,
,,,,,,,,,,,,,,,,,,,
,,,,,,,,,,,,,,,,,,,
,,,,,,,,,,,,,,,,,,,
,,,,,,,,,,,,,,,,,,,
,,,,,,,,,,,,,,,,,,,
,,,,,,,,,,,,,,,,,,,
,,,,,,,,,,,,,,,,,,,
,,,,,,,,,,,,,,,,,,,
,,,,,,,,,,,,,,,,,,,
,,,,,,,,,,,,,,,,,,,
,,,,,,,,,,,,,,,,,,,
,,,,,,,,,,,,,,,,,,,
,,,,,,,,,,,,,,,,,,,
,,,,,,,,,,,,,,,,,,,
,,,,,,,,,,,,,,,,,,,
,,,,,,,,,,,,,,,,,,,
,,,,,,,,,,,,,,,,,,,
,,,,,,,,,,,,,,,,,,,
,,,,,,,,,,,,,,,,,,,
,,,,,,,,,,,,,,,,,,,
,,,,,,,,,,,,,,,,,,,
,,,,,,,,,,,,,,,,,,,
,,,,,,,,,,,,,,,,,,,
,,,,,,,,,,,,,,,,,,,
,,,,,,,,,,,,,,,,,,,
,,,,,,,,,,,,,,,,,,,
,,,,,,,,,,,,,,,,,,,
,,,,,,,,,,,,,,,,,,,
,,,,,,,,,,,,,,,,,,,
,,,,,,,,,,,,,,,,,,,
,,,,,,,,,,,,,,,,,,,
,,,,,,,,,,,,,,,,,,,
,,,,,,,,,,,,,,,,,,,
,,,,,,,,,,,,,,,,,,,
,,,,,,,,,,,,,,,,,,,
,,,,,,,,,,,,,,,,,,,
,,,,,,,,,,,,,,,,,,,
,,,,,,,,,,,,,,,,,,,
,,,,,,,,,,,,,,,,,,,
,,,,,,,,,,,,,,,,,,,
,,,,,,,,,,,,,,,,,,,
,,,,,,,,,,,,,,,,,,,
,,,,,,,,,,,,,,,,,,,
,,,,,,,,,,,,,,,,,,,
,,,,,,,,,,,,,,,,,,,
,,,,,,,,,,,,,,,,,,,
,,,,,,,,,,,,,,,,,,,
,,,,,,,,,,,,,,,,,,,
,,,,,,,,,,,,,,,,,,,
,,,,,,,,,,,,,,,,,,,
,,,,,,,,,,,,,,,,,,,
,,,,,,,,,,,,,,,,,,,
,,,,,,,,,,,,,,,,,,,
,,,,,,,,,,,,,,,,,,,
,,,,,,,,,,,,,,,,,,,
,,,,,,,,,,,,,,,,,,,
,,,,,,,,,,,,,,,,,,,
,,,,,,,,,,,,,,,,,,,
,,,,,,,,,,,,,,,,,,,
,,,,,,,,,,,,,,,,,,,
,,,,,,,,,,,,,,,,,,,
,,,,,,,,,,,,,,,,,,,
,,,,,,,,,,,,,,,,,,,
,,,,,,,,,,,,,,,,,,,
,,,,,,,,,,,,,,,,,,,
,,,,,,,,,,,,,,,,,,,
,,,,,,,,,,,,,,,,,,,
,,,,,,,,,,,,,,,,,,,
,,,,,,,,,,,,,,,,,,,
,,,,,,,,,,,,,,,,,,,
,,,,,,,,,,,,,,,,,,,
,,,,,,,,,,,,,,,,,,,
,,,,,,,,,,,,,,,,,,,
,,,,,,,,,,,,,,,,,,,
,,,,,,,,,,,,,,,,,,,
,,,,,,,,,,,,,,,,,,,
,,,,,,,,,,,,,,,,,,,
,,,,,,,,,,,,,,,,,,,
,,,,,,,,,,,,,,,,,,,
,,,,,,,,,,,,,,,,,,,
,,,,,,,,,,,,,,,,,,,
,,,,,,,,,,,,,,,,,,,
,,,,,,,,,,,,,,,,,,,
,,,,,,,,,,,,,,,,,,,
,,,,,,,,,,,,,,,,,,,
,,,,,,,,,,,,,,,,,,,
,,,,,,,,,,,,,,,,,,,
,,,,,,,,,,,,,,,,,,,
,,,,,,,,,,,,,,,,,,,
,,,,,,,,,,,,,,,,,,,
,,,,,,,,,,,,,,,,,,,
,,,,,,,,,,,,,,,,,,,
,,,,,,,,,,,,,,,,,,,
,,,,,,,,,,,,,,,,,,,
,,,,,,,,,,,,,,,,,,,
,,,,,,,,,,,,,,,,,,,
,,,,,,,,,,,,,,,,,,,
,,,,,,,,,,,,,,,,,,,
,,,,,,,,,,,,,,,,,,,
,,,,,,,,,,,,,,,,,,,
,,,,,,,,,,,,,,,,,,,
,,,,,,,,,,,,,,,,,,,
,,,,,,,,,,,,,,,,,,,
,,,,,,,,,,,,,,,,,,,
,,,,,,,,,,,,,,,,,,,
,,,,,,,,,,,,,,,,,,,
,,,,,,,,,,,,,,,,,,,
,,,,,,,,,,,,,,,,,,,
,,,,,,,,,,,,,,,,,,,
,,,,,,,,,,,,,,,,,,,
,,,,,,,,,,,,,,,,,,,
,,,,,,,,,,,,,,,,,,,
,,,,,,,,,,,,,,,,,,,
,,,,,,,,,,,,,,,,,,,
,,,,,,,,,,,,,,,,,,,
,,,,,,,,,,,,,,,,,,,
,,,,,,,,,,,,,,,,,,,
,,,,,,,,,,,,,,,,,,,
,,,,,,,,,,,,,,,,,,,
,,,,,,,,,,,,,,,,,,,
,,,,,,,,,,,,,,,,,,,
,,,,,,,,,,,,,,,,,,,
,,,,,,,,,,,,,,,,,,,
,,,,,,,,,,,,,,,,,,,
,,,,,,,,,,,,,,,,,,,
,,,,,,,,,,,,,,,,,,,
,,,,,,,,,,,,,,,,,,,
,,,,,,,,,,,,,,,,,,,
,,,,,,,,,,,,,,,,,,,
,,,,,,,,,,,,,,,,,,,
,,,,,,,,,,,,,,,,,,,
,,,,,,,,,,,,,,,,,,,
,,,,,,,,,,,,,,,,,,,
,,,,,,,,,,,,,,,,,,,
,,,,,,,,,,,,,,,,,,,
,,,,,,,,,,,,,,,,,,,
,,,,,,,,,,,,,,,,,,,
,,,,,,,,,,,,,,,,,,,
,,,,,,,,,,,,,,,,,,,
,,,,,,,,,,,,,,,,,,,
,,,,,,,,,,,,,,,,,,,
,,,,,,,,,,,,,,,,,,,
,,,,,,,,,,,,,,,,,,,
,,,,,,,,,,,,,,,,,,,
,,,,,,,,,,,,,,,,,,,
,,,,,,,,,,,,,,,,,,,
,,,,,,,,,,,,,,,,,,,
,,,,,,,,,,,,,,,,,,,
,,,,,,,,,,,,,,,,,,,
,,,,,,,,,,,,,,,,,,,
,,,,,,,,,,,,,,,,,,,
,,,,,,,,,,,,,,,,,,,
,,,,,,,,,,,,,,,,,,,
,,,,,,,,,,,,,,,,,,,
,,,,,,,,,,,,,,,,,,,
,,,,,,,,,,,,,,,,,,,
,,,,,,,,,,,,,,,,,,,
,,,,,,,,,,,,,,,,,,,
,,,,,,,,,,,,,,,,,,,
,,,,,,,,,,,,,,,,,,,
,,,,,,,,,,,,,,,,,,,
,,,,,,,,,,,,,,,,,,,
,,,,,,,,,,,,,,,,,,,
,,,,,,,,,,,,,,,,,,,
,,,,,,,,,,,,,,,,,,,
,,,,,,,,,,,,,,,,,,,
,,,,,,,,,,,,,,,,,,,
,,,,,,,,,,,,,,,,,,,
,,,,,,,,,,,,,,,,,,,
,,,,,,,,,,,,,,,,,,,
,,,,,,,,,,,,,,,,,,,
,,,,,,,,,,,,,,,,,,,
,,,,,,,,,,,,,,,,,,,
,,,,,,,,,,,,,,,,,,,
,,,,,,,,,,,,,,,,,,,
,,,,,,,,,,,,,,,,,,,
,,,,,,,,,,,,,,,,,,,
,,,,,,,,,,,,,,,,,,,
,,,,,,,,,,,,,,,,,,,
,,,,,,,,,,,,,,,,,,,
,,,,,,,,,,,,,,,,,,,
,,,,,,,,,,,,,,,,,,,
,,,,,,,,,,,,,,,,,,,
,,,,,,,,,,,,,,,,,,,
,,,,,,,,,,,,,,,,,,,
,,,,,,,,,,,,,,,,,,,
,,,,,,,,,,,,,,,,,,,
,,,,,,,,,,,,,,,,,,,
,,,,,,,,,,,,,,,,,,,
,,,,,,,,,,,,,,,,,,,
,,,,,,,,,,,,,,,,,,,
,,,,,,,,,,,,,,,,,,,
,,,,,,,,,,,,,,,,,,,
,,,,,,,,,,,,,,,,,,,
,,,,,,,,,,,,,,,,,,,
,,,,,,,,,,,,,,,,,,,
,,,,,,,,,,,,,,,,,,,
,,,,,,,,,,,,,,,,,,,
,,,,,,,,,,,,,,,,,,,
,,,,,,,,,,,,,,,,,,,
,,,,,,,,,,,,,,,,,,,
,,,,,,,,,,,,,,,,,,,
,,,,,,,,,,,,,,,,,,,
,,,,,,,,,,,,,,,,,,,
,,,,,,,,,,,,,,,,,,,
,,,,,,,,,,,,,,,,,,,
,,,,,,,,,,,,,,,,,,,
,,,,,,,,,,,,,,,,,,,
,,,,,,,,,,,,,,,,,,,
,,,,,,,,,,,,,,,,,,,
,,,,,,,,,,,,,,,,,,,
,,,,,,,,,,,,,,,,,,,
,,,,,,,,,,,,,,,,,,,
,,,,,,,,,,,,,,,,,,,
,,,,,,,,,,,,,,,,,,,
,,,,,,,,,,,,,,,,,,,
,,,,,,,,,,,,,,,,,,,
,,,,,,,,,,,,,,,,,,,
,,,,,,,,,,,,,,,,,,,
,,,,,,,,,,,,,,,,,,,
,,,,,,,,,,,,,,,,,,,
,,,,,,,,,,,,,,,,,,,
,,,,,,,,,,,,,,,,,,,
,,,,,,,,,,,,,,,,,,,
,,,,,,,,,,,,,,,,,,,
,,,,,,,,,,,,,,,,,,,
,,,,,,,,,,,,,,,,,,,
,,,,,,,,,,,,,,,,,,,
,,,,,,,,,,,,,,,,,,,
,,,,,,,,,,,,,,,,,,,
,,,,,,,,,,,,,,,,,,,
,,,,,,,,,,,,,,,,,,,
,,,,,,,,,,,,,,,,,,,
,,,,,,,,,,,,,,,,,,,
,,,,,,,,,,,,,,,,,,,
,,,,,,,,,,,,,,,,,,,
,,,,,,,,,,,,,,,,,,,
,,,,,,,,,,,,,,,,,,,
,,,,,,,,,,,,,,,,,,,
,,,,,,,,,,,,,,,,,,,
,,,,,,,,,,,,,,,,,,,
,,,,,,,,,,,,,,,,,,,
,,,,,,,,,,,,,,,,,,,
,,,,,,,,,,,,,,,,,,,
,,,,,,,,,,,,,,,,,,,
,,,,,,,,,,,,,,,,,,,
,,,,,,,,,,,,,,,,,,,
,,,,,,,,,,,,,,,,,,,
,,,,,,,,,,,,,,,,,,,
,,,,,,,,,,,,,,,,,,,
,,,,,,,,,,,,,,,,,,,
,,,,,,,,,,,,,,,,,,,
,,,,,,,,,,,,,,,,,,,
,,,,,,,,,,,,,,,,,,,
,,,,,,,,,,,,,,,,,,,
,,,,,,,,,,,,,,,,,,,
,,,,,,,,,,,,,,,,,,,
,,,,,,,,,,,,,,,,,,,
,,,,,,,,,,,,,,,,,,,
,,,,,,,,,,,,,,,,,,,
,,,,,,,,,,,,,,,,,,,
,,,,,,,,,,,,,,,,,,,
,,,,,,,,,,,,,,,,,,,
,,,,,,,,,,,,,,,,,,,
,,,,,,,,,,,,,,,,,,,
,,,,,,,,,,,,,,,,,,,
,,,,,,,,,,,,,,,,,,,
,,,,,,,,,,,,,,,,,,,
,,,,,,,,,,,,,,,,,,,
,,,,,,,,,,,,,,,,,,,
,,,,,,,,,,,,,,,,,,,
,,,,,,,,,,,,,,,,,,,
,,,,,,,,,,,,,,,,,,,
,,,,,,,,,,,,,,,,,,,
,,,,,,,,,,,,,,,,,,,
,,,,,,,,,,,,,,,,,,,
,,,,,,,,,,,,,,,,,,,
,,,,,,,,,,,,,,,,,,,
,,,,,,,,,,,,,,,,,,,
,,,,,,,,,,,,,,,,,,,
,,,,,,,,,,,,,,,,,,,
,,,,,,,,,,,,,,,,,,,
,,,,,,,,,,,,,,,,,,,
,,,,,,,,,,,,,,,,,,,
,,,,,,,,,,,,,,,,,,,
,,,,,,,,,,,,,,,,,,,
,,,,,,,,,,,,,,,,,,,
,,,,,,,,,,,,,,,,,,,
,,,,,,,,,,,,,,,,,,,
,,,,,,,,,,,,,,,,,,,
,,,,,,,,,,,,,,,,,,,
,,,,,,,,,,,,,,,,,,,
,,,,,,,,,,,,,,,,,,,
,,,,,,,,,,,,,,,,,,,
,,,,,,,,,,,,,,,,,,,
,,,,,,,,,,,,,,,,,,,
,,,,,,,,,,,,,,,,,,,
,,,,,,,,,,,,,,,,,,,
,,,,,,,,,,,,,,,,,,,
,,,,,,,,,,,,,,,,,,,
,,,,,,,,,,,,,,,,,,,
,,,,,,,,,,,,,,,,,,,
,,,,,,,,,,,,,,,,,,,
,,,,,,,,,,,,,,,,,,,
,,,,,,,,,,,,,,,,,,,
,,,,,,,,,,,,,,,,,,,
,,,,,,,,,,,,,,,,,,,
,,,,,,,,,,,,,,,,,,,
,,,,,,,,,,,,,,,,,,,
,,,,,,,,,,,,,,,,,,,
,,,,,,,,,,,,,,,,,,,
,,,,,,,,,,,,,,,,,,,
,,,,,,,,,,,,,,,,,,,
,,,,,,,,,,,,,,,,,,,
,,,,,,,,,,,,,,,,,,,
,,,,,,,,,,,,,,,,,,,
,,,,,,,,,,,,,,,,,,,
,,,,,,,,,,,,,,,,,,,
,,,,,,,,,,,,,,,,,,,
,,,,,,,,,,,,,,,,,,,
,,,,,,,,,,,,,,,,,,,
,,,,,,,,,,,,,,,,,,,
,,,,,,,,,,,,,,,,,,,
,,,,,,,,,,,,,,,,,,,
,,,,,,,,,,,,,,,,,,,
,,,,,,,,,,,,,,,,,,,
,,,,,,,,,,,,,,,,,,,
,,,,,,,,,,,,,,,,,,,
,,,,,,,,,,,,,,,,,,,
,,,,,,,,,,,,,,,,,,,
,,,,,,,,,,,,,,,,,,,
,,,,,,,,,,,,,,,,,,,
,,,,,,,,,,,,,,,,,,,
,,,,,,,,,,,,,,,,,,,
,,,,,,,,,,,,,,,,,,,
,,,,,,,,,,,,,,,,,,,
,,,,,,,,,,,,,,,,,,,
,,,,,,,,,,,,,,,,,,,
,,,,,,,,,,,,,,,,,,,
,,,,,,,,,,,,,,,,,,,
,,,,,,,,,,,,,,,,,,,
,,,,,,,,,,,,,,,,,,,
,,,,,,,,,,,,,,,,,,,
,,,,,,,,,,,,,,,,,,,
,,,,,,,,,,,,,,,,,,,
,,,,,,,,,,,,,,,,,,,
,,,,,,,,,,,,,,,,,,,
,,,,,,,,,,,,,,,,,,,
,,,,,,,,,,,,,,,,,,,
,,,,,,,,,,,,,,,,,,,
,,,,,,,,,,,,,,,,,,,
,,,,,,,,,,,,,,,,,,,
,,,,,,,,,,,,,,,,,,,
,,,,,,,,,,,,,,,,,,,
,,,,,,,,,,,,,,,,,,,
,,,,,,,,,,,,,,,,,,,
,,,,,,,,,,,,,,,,,,,
,,,,,,,,,,,,,,,,,,,
,,,,,,,,,,,,,,,,,,,
,,,,,,,,,,,,,,,,,,,
,,,,,,,,,,,,,,,,,,,
,,,,,,,,,,,,,,,,,,,
,,,,,,,,,,,,,,,,,,,
,,,,,,,,,,,,,,,,,,,
,,,,,,,,,,,,,,,,,,,
,,,,,,,,,,,,,,,,,,,
,,,,,,,,,,,,,,,,,,,
,,,,,,,,,,,,,,,,,,,
,,,,,,,,,,,,,,,,,,,
,,,,,,,,,,,,,,,,,,,
,,,,,,,,,,,,,,,,,,,
,,,,,,,,,,,,,,,,,,,
,,,,,,,,,,,,,,,,,,,
,,,,,,,,,,,,,,,,,,,
,,,,,,,,,,,,,,,,,,,
,,,,,,,,,,,,,,,,,,,
,,,,,,,,,,,,,,,,,,,
,,,,,,,,,,,,,,,,,,,
,,,,,,,,,,,,,,,,,,,
,,,,,,,,,,,,,,,,,,,
,,,,,,,,,,,,,,,,,,,
,,,,,,,,,,,,,,,,,,,
,,,,,,,,,,,,,,,,,,,
,,,,,,,,,,,,,,,,,,,
,,,,,,,,,,,,,,,,,,,
,,,,,,,,,,,,,,,,,,,
,,,,,,,,,,,,,,,,,,,
,,,,,,,,,,,,,,,,,,,
,,,,,,,,,,,,,,,,,,,
,,,,,,,,,,,,,,,,,,,
,,,,,,,,,,,,,,,,,,,
,,,,,,,,,,,,,,,,,,,
,,,,,,,,,,,,,,,,,,,
,,,,,,,,,,,,,,,,,,,
,,,,,,,,,,,,,,,,,,,
,,,,,,,,,,,,,,,,,,,
,,,,,,,,,,,,,,,,,,,
,,,,,,,,,,,,,,,,,,,
,,,,,,,,,,,,,,,,,,,
,,,,,,,,,,,,,,,,,,,
,,,,,,,,,,,,,,,,,,,
,,,,,,,,,,,,,,,,,,,
,,,,,,,,,,,,,,,,,,,
,,,,,,,,,,,,,,,,,,,
,,,,,,,,,,,,,,,,,,,
,,,,,,,,,,,,,,,,,,,
,,,,,,,,,,,,,,,,,,,
,,,,,,,,,,,,,,,,,,,
,,,,,,,,,,,,,,,,,,,
,,,,,,,,,,,,,,,,,,,
,,,,,,,,,,,,,,,,,,,
,,,,,,,,,,,,,,,,,,,
,,,,,,,,,,,,,,,,,,,
,,,,,,,,,,,,,,,,,,,
,,,,,,,,,,,,,,,,,,,
,,,,,,,,,,,,,,,,,,,
,,,,,,,,,,,,,,,,,,,
,,,,,,,,,,,,,,,,,,,
,,,,,,,,,,,,,,,,,,,
,,,,,,,,,,,,,,,,,,,
,,,,,,,,,,,,,,,,,,,
,,,,,,,,,,,,,,,,,,,
,,,,,,,,,,,,,,,,,,,
,,,,,,,,,,,,,,,,,,,
,,,,,,,,,,,,,,,,,,,
,,,,,,,,,,,,,,,,,,,
,,,,,,,,,,,,,,,,,,,
,,,,,,,,,,,,,,,,,,,
,,,,,,,,,,,,,,,,,,,
,,,,,,,,,,,,,,,,,,,
,,,,,,,,,,,,,,,,,,,
,,,,,,,,,,,,,,,,,,,
